Date,Company_Entity,Country,Cost_Center,Profit_Center,GL_Code,Expense_Head,Function,Budget_Head,PO_Number,Vendor,Actual_Amount_USD
2024-05-27,ABC UK Ltd,UK,CC1002,PC_Retail,600505,Travel,Payroll,IT,PO10000,KPMG,26365
2024-03-12,ABC Tech Inc,UK,CC4001,PC_B2B,600404,Marketing,AP,Operations,PO10001,Stripe,16432
2024-06-20,ABC UK Ltd,India,CC1001,PC_B2B,600606,Travel,Payroll,HR,PO10002,HSBC,37190
2024-03-04,ABC India Pvt Ltd,UK,CC2001,PC_B2B,600303,Cloud,Banking,Operations,PO10003,Accenture,5866
2024-06-16,ABC UK Ltd,UK,CC1002,PC_B2B,600606,Software,AP,Operations,PO10004,Deloitte,19385
2024-03-19,ABC Tech Inc,UK,CC3001,PC_Digital,600303,Consulting,O2C,IT,PO10005,Accenture,32894
2024-02-20,ABC UK Ltd,UK,CC4001,PC_Retail,600404,Travel,Taxation,HR,PO10006,TCS,14122
2024-02-20,ABC UK Ltd,USA,CC1002,PC_B2B,600505,Marketing,Banking,Sales,PO10007,Google,7177
2024-06-04,ABC UK Ltd,USA,CC2001,PC_Digital,600505,Software,AP,HR,PO10008,Accenture,3534
2024-02-14,ABC Tech Inc,UK,CC1001,PC_B2B,600404,Marketing,Taxation,Operations,PO10009,Adobe,13559
2024-05-12,ABC UK Ltd,USA,CC4001,PC_Retail,600606,Software,AP,Sales,PO10010,HSBC,2429
2024-05-24,ABC India Pvt Ltd,India,CC4001,PC_Digital,600202,Cloud,Payroll,Sales,PO10011,KPMG,11734
2024-02-08,ABC India Pvt Ltd,UK,CC4001,PC_Retail,600303,Consulting,O2C,Sales,PO10012,Microsoft,25812
2024-02-27,ABC UK Ltd,USA,CC2001,PC_Digital,600505,Travel,Taxation,Sales,PO10013,AWS,41497
2024-01-30,ABC India Pvt Ltd,India,CC4001,PC_B2B,600303,Cloud,O2C,HR,PO10014,Salesforce,13418
2024-05-19,ABC Tech Inc,India,CC1001,PC_Retail,600202,Software,O2C,Admin,PO10015,TCS,23965
2024-02-07,ABC India Pvt Ltd,India,CC1001,PC_Digital,600606,Marketing,Banking,Operations,PO10016,KPMG,29775
2024-04-17,ABC UK Ltd,USA,CC4001,PC_Retail,600303,Consulting,AP,HR,PO10017,Microsoft,30468
2024-03-17,ABC Tech Inc,India,CC1002,PC_Digital,600606,Marketing,Taxation,HR,PO10018,HSBC,24607
2024-02-11,ABC UK Ltd,USA,CC2001,PC_Digital,600404,Rent,O2C,Sales,PO10019,Infosys,48026
2024-04-26,ABC Tech Inc,USA,CC3001,PC_Digital,600202,Cloud,Banking,Admin,PO10020,HSBC,13341
2024-01-12,ABC Tech Inc,India,CC1002,PC_B2B,600505,Software,Payroll,Operations,PO10021,Google,17179
2024-04-01,ABC UK Ltd,India,CC3001,PC_B2B,600606,Rent,Taxation,Admin,PO10022,AWS,43155
2024-04-08,ABC UK Ltd,India,CC1001,PC_B2B,600101,Software,Payroll,Admin,PO10023,Salesforce,7739
2024-04-17,ABC Tech Inc,India,CC3001,PC_Digital,600202,Travel,Taxation,Admin,PO10024,TCS,49626
2024-02-23,ABC UK Ltd,India,CC2001,PC_Digital,600404,Consulting,Banking,Sales,PO10025,HSBC,10687
2024-04-19,ABC Tech Inc,India,CC2001,PC_Digital,600101,Marketing,O2C,Operations,PO10026,KPMG,5729
2024-04-11,ABC UK Ltd,USA,CC2001,PC_B2B,600101,Rent,Banking,Operations,PO10027,Salesforce,6458
2024-04-22,ABC India Pvt Ltd,India,CC1002,PC_B2B,600505,Software,Banking,Sales,PO10028,Google,46904
2024-06-13,ABC India Pvt Ltd,India,CC3001,PC_B2B,600404,Consulting,Banking,HR,PO10029,Meta,6028
2024-02-07,ABC Tech Inc,USA,CC1001,PC_Digital,600404,Marketing,Payroll,Operations,PO10030,HSBC,5575
2024-01-04,ABC Tech Inc,UK,CC2001,PC_Digital,600202,Cloud,Payroll,IT,PO10031,KPMG,35042
2024-04-12,ABC UK Ltd,India,CC1001,PC_B2B,600202,Cloud,O2C,Admin,PO10032,KPMG,30078
2024-03-06,ABC Tech Inc,UK,CC1002,PC_B2B,600101,Consulting,Banking,Admin,PO10033,Salesforce,17464
2024-01-07,ABC Tech Inc,USA,CC3001,PC_Retail,600202,Travel,Banking,Admin,PO10034,KPMG,25201
2024-05-12,ABC India Pvt Ltd,India,CC2001,PC_B2B,600505,Consulting,O2C,Operations,PO10035,HSBC,18319
2024-06-16,ABC India Pvt Ltd,India,CC1001,PC_B2B,600202,Travel,O2C,Operations,PO10036,Accenture,32753
2024-02-23,ABC Tech Inc,India,CC1001,PC_Retail,600404,Travel,AP,Admin,PO10037,Adobe,24073
2024-02-28,ABC UK Ltd,India,CC1001,PC_Digital,600404,Marketing,O2C,IT,PO10038,Accenture,49289
2024-04-01,ABC UK Ltd,UK,CC2001,PC_Retail,600101,Marketing,AP,HR,PO10039,KPMG,21990
2024-06-13,ABC Tech Inc,USA,CC3001,PC_Digital,600202,Consulting,Taxation,HR,PO10040,Accenture,33029
2024-05-14,ABC UK Ltd,India,CC4001,PC_Retail,600202,Travel,AP,IT,PO10041,Google,2793
2024-06-02,ABC UK Ltd,India,CC2001,PC_Retail,600101,Rent,Payroll,Sales,PO10042,Infosys,15658
2024-06-05,ABC Tech Inc,India,CC4001,PC_B2B,600404,Travel,AP,HR,PO10043,Microsoft,10145
2024-03-31,ABC UK Ltd,India,CC1001,PC_Digital,600303,Cloud,O2C,Sales,PO10044,KPMG,19143
2024-04-19,ABC India Pvt Ltd,USA,CC1001,PC_Digital,600505,Software,Payroll,Admin,PO10045,Deloitte,45622
2024-01-21,ABC UK Ltd,India,CC2001,PC_Digital,600101,Travel,Taxation,Sales,PO10046,HSBC,24726
2024-03-04,ABC Tech Inc,UK,CC1001,PC_B2B,600101,Consulting,AP,Admin,PO10047,Meta,42991
2024-03-16,ABC UK Ltd,India,CC4001,PC_Retail,600202,Marketing,AP,Sales,PO10048,AWS,44643
2024-02-10,ABC UK Ltd,USA,CC1002,PC_Retail,600606,Marketing,Taxation,Sales,PO10049,KPMG,29955
2024-05-01,ABC UK Ltd,India,CC3001,PC_B2B,600303,Software,AP,HR,PO10050,AWS,6831
2024-04-26,ABC Tech Inc,India,CC4001,PC_Digital,600303,Marketing,AP,HR,PO10051,Deloitte,17286
2024-04-21,ABC Tech Inc,India,CC1002,PC_Retail,600101,Software,O2C,HR,PO10052,Google,14908
2024-06-16,ABC Tech Inc,India,CC3001,PC_Retail,600303,Rent,O2C,Sales,PO10053,Accenture,33787
2024-05-23,ABC UK Ltd,USA,CC1001,PC_Retail,600303,Marketing,Payroll,Operations,PO10054,TCS,46724
2024-05-11,ABC UK Ltd,USA,CC1002,PC_Retail,600404,Software,Payroll,HR,PO10055,Infosys,44483
2024-06-05,ABC UK Ltd,USA,CC1001,PC_B2B,600202,Rent,Taxation,IT,PO10056,Infosys,23187
2024-06-08,ABC Tech Inc,UK,CC4001,PC_Digital,600404,Consulting,O2C,HR,PO10057,Accenture,13238
2024-03-30,ABC UK Ltd,India,CC4001,PC_Digital,600303,Consulting,Payroll,Sales,PO10058,Accenture,16995
2024-05-09,ABC India Pvt Ltd,USA,CC4001,PC_Retail,600606,Travel,AP,IT,PO10059,HSBC,5984
2024-06-15,ABC UK Ltd,UK,CC2001,PC_B2B,600505,Marketing,Payroll,Operations,PO10060,KPMG,46318
2024-01-16,ABC Tech Inc,UK,CC3001,PC_Retail,600101,Rent,AP,Sales,PO10061,Salesforce,18970
2024-01-17,ABC UK Ltd,India,CC4001,PC_Digital,600606,Marketing,Payroll,IT,PO10062,Google,8650
2024-01-20,ABC Tech Inc,USA,CC4001,PC_Retail,600606,Travel,Banking,IT,PO10063,Accenture,29821
2024-01-29,ABC Tech Inc,India,CC1001,PC_Retail,600606,Rent,AP,Admin,PO10064,KPMG,22976
2024-05-27,ABC Tech Inc,USA,CC4001,PC_B2B,600303,Software,Banking,IT,PO10065,SAP,2570
2024-05-11,ABC India Pvt Ltd,India,CC1002,PC_Retail,600606,Software,Taxation,Admin,PO10066,Deloitte,1377
2024-06-23,ABC Tech Inc,UK,CC1001,PC_B2B,600101,Rent,Payroll,Admin,PO10067,Google,10194
2024-01-23,ABC Tech Inc,UK,CC1001,PC_Retail,600202,Marketing,Payroll,Admin,PO10068,AWS,22769
2024-02-17,ABC India Pvt Ltd,USA,CC2001,PC_Digital,600404,Cloud,Banking,Operations,PO10069,HSBC,44863
2024-03-24,ABC Tech Inc,UK,CC3001,PC_B2B,600202,Marketing,AP,Sales,PO10070,TCS,47407
2024-01-31,ABC Tech Inc,UK,CC3001,PC_Digital,600606,Consulting,Payroll,Sales,PO10071,Stripe,12481
2024-02-07,ABC Tech Inc,India,CC1002,PC_B2B,600303,Cloud,O2C,IT,PO10072,AWS,46766
2024-05-24,ABC India Pvt Ltd,India,CC3001,PC_B2B,600404,Rent,AP,HR,PO10073,TCS,37927
2024-02-07,ABC India Pvt Ltd,UK,CC2001,PC_B2B,600404,Rent,Taxation,Operations,PO10074,Salesforce,5438
2024-05-13,ABC UK Ltd,India,CC1001,PC_B2B,600202,Marketing,Payroll,HR,PO10075,Microsoft,23371
2024-01-01,ABC Tech Inc,UK,CC4001,PC_Retail,600202,Software,Taxation,IT,PO10076,Oracle,5397
2024-06-01,ABC UK Ltd,UK,CC1002,PC_B2B,600606,Software,O2C,IT,PO10077,TCS,17458
2024-04-14,ABC India Pvt Ltd,India,CC3001,PC_Retail,600101,Marketing,Payroll,IT,PO10078,Adobe,8850
2024-01-24,ABC Tech Inc,UK,CC2001,PC_Retail,600606,Marketing,O2C,Sales,PO10079,HSBC,12294
2024-02-26,ABC Tech Inc,UK,CC3001,PC_Digital,600505,Cloud,Banking,Operations,PO10080,TCS,14027
2024-02-04,ABC India Pvt Ltd,India,CC3001,PC_B2B,600505,Rent,O2C,IT,PO10081,Accenture,32633
2024-06-15,ABC Tech Inc,USA,CC1002,PC_Retail,600505,Marketing,Payroll,Operations,PO10082,Google,2785
2024-01-04,ABC India Pvt Ltd,UK,CC2001,PC_B2B,600505,Cloud,Taxation,IT,PO10083,Google,49214
2024-04-21,ABC UK Ltd,USA,CC1002,PC_Retail,600303,Software,Taxation,Sales,PO10084,Infosys,40732
2024-01-04,ABC UK Ltd,USA,CC1002,PC_B2B,600101,Marketing,Taxation,Admin,PO10085,Infosys,12634
2024-05-23,ABC UK Ltd,UK,CC3001,PC_B2B,600404,Cloud,Banking,Admin,PO10086,Meta,46416
2024-02-14,ABC Tech Inc,USA,CC2001,PC_B2B,600505,Travel,Taxation,Sales,PO10087,Accenture,6469
2024-05-30,ABC India Pvt Ltd,USA,CC1002,PC_B2B,600505,Consulting,O2C,Operations,PO10088,Infosys,14487
2024-02-16,ABC India Pvt Ltd,India,CC2001,PC_Digital,600303,Travel,Payroll,HR,PO10089,Salesforce,16491
2024-02-05,ABC India Pvt Ltd,UK,CC1001,PC_B2B,600101,Software,Taxation,Sales,PO10090,Oracle,30015
2024-01-07,ABC UK Ltd,India,CC3001,PC_Digital,600404,Cloud,O2C,Operations,PO10091,Adobe,12694
2024-01-20,ABC Tech Inc,India,CC2001,PC_B2B,600101,Travel,O2C,Sales,PO10092,HSBC,48216
2024-05-18,ABC India Pvt Ltd,UK,CC2001,PC_B2B,600606,Travel,AP,IT,PO10093,HSBC,11669
2024-05-26,ABC India Pvt Ltd,UK,CC2001,PC_Digital,600202,Software,Banking,Sales,PO10094,Adobe,9504
2024-03-07,ABC UK Ltd,UK,CC1002,PC_Digital,600202,Consulting,O2C,Sales,PO10095,Salesforce,1386
2024-04-15,ABC UK Ltd,India,CC2001,PC_Retail,600101,Consulting,Payroll,Operations,PO10096,Oracle,3756
2024-06-03,ABC UK Ltd,UK,CC3001,PC_Retail,600404,Consulting,Payroll,IT,PO10097,SAP,36532
2024-01-27,ABC India Pvt Ltd,USA,CC4001,PC_Digital,600202,Cloud,AP,Operations,PO10098,Stripe,19619
2024-03-13,ABC India Pvt Ltd,USA,CC4001,PC_B2B,600606,Consulting,Taxation,Admin,PO10099,TCS,48044
2024-03-29,ABC Tech Inc,India,CC1001,PC_Retail,600505,Consulting,Taxation,HR,PO10100,Adobe,27366
2024-01-27,ABC Tech Inc,USA,CC4001,PC_Retail,600303,Marketing,AP,HR,PO10101,Google,21607
2024-06-26,ABC Tech Inc,India,CC1001,PC_Retail,600404,Software,AP,HR,PO10102,Google,31263
2024-03-07,ABC UK Ltd,USA,CC2001,PC_Digital,600505,Travel,Banking,Sales,PO10103,Accenture,39515
2024-04-18,ABC UK Ltd,USA,CC3001,PC_Digital,600202,Consulting,Banking,IT,PO10104,Meta,42496
2024-04-04,ABC India Pvt Ltd,UK,CC1001,PC_Digital,600606,Software,Banking,Operations,PO10105,Salesforce,25268
2024-06-08,ABC India Pvt Ltd,India,CC1001,PC_Digital,600404,Rent,Taxation,Admin,PO10106,Infosys,27999
2024-03-29,ABC Tech Inc,UK,CC1001,PC_Retail,600303,Travel,AP,HR,PO10107,TCS,19879
2024-01-18,ABC UK Ltd,USA,CC1001,PC_B2B,600606,Cloud,Payroll,IT,PO10108,SAP,35344
2024-02-07,ABC India Pvt Ltd,UK,CC1002,PC_Digital,600505,Rent,Payroll,IT,PO10109,Accenture,47532
2024-06-27,ABC Tech Inc,India,CC1002,PC_Retail,600606,Consulting,Taxation,Admin,PO10110,Google,16803
2024-05-11,ABC UK Ltd,India,CC4001,PC_Digital,600404,Consulting,AP,Sales,PO10111,Oracle,48575
2024-03-17,ABC Tech Inc,UK,CC1002,PC_Retail,600505,Software,O2C,Operations,PO10112,Meta,43710
2024-05-20,ABC Tech Inc,UK,CC1002,PC_Retail,600606,Consulting,O2C,Admin,PO10113,KPMG,9425
2024-04-29,ABC UK Ltd,UK,CC2001,PC_Retail,600101,Cloud,Taxation,Admin,PO10114,Microsoft,44282
2024-04-22,ABC UK Ltd,India,CC4001,PC_Digital,600606,Software,Banking,Admin,PO10115,Meta,42206
2024-05-07,ABC UK Ltd,USA,CC1001,PC_Retail,600505,Marketing,Banking,HR,PO10116,Deloitte,42942
2024-06-09,ABC Tech Inc,UK,CC2001,PC_Digital,600404,Travel,O2C,Operations,PO10117,Deloitte,23520
2024-06-09,ABC Tech Inc,USA,CC3001,PC_Digital,600606,Travel,Payroll,IT,PO10118,Adobe,44785
2024-02-14,ABC India Pvt Ltd,India,CC1002,PC_B2B,600202,Software,Banking,Admin,PO10119,TCS,43301
2024-02-12,ABC UK Ltd,India,CC1001,PC_B2B,600606,Consulting,AP,Sales,PO10120,Infosys,41648
2024-04-20,ABC UK Ltd,UK,CC1002,PC_B2B,600404,Travel,Payroll,Sales,PO10121,Meta,6246
2024-01-18,ABC UK Ltd,UK,CC1001,PC_Retail,600404,Cloud,O2C,Admin,PO10122,AWS,10236
2024-06-19,ABC India Pvt Ltd,USA,CC2001,PC_Retail,600303,Cloud,Banking,Operations,PO10123,Deloitte,37663
2024-04-24,ABC India Pvt Ltd,USA,CC1002,PC_Digital,600404,Rent,Banking,HR,PO10124,Deloitte,1044
2024-02-27,ABC UK Ltd,UK,CC2001,PC_Digital,600202,Software,Payroll,IT,PO10125,SAP,23477
2024-05-06,ABC UK Ltd,UK,CC3001,PC_B2B,600606,Marketing,Taxation,Admin,PO10126,Oracle,43548
2024-01-16,ABC Tech Inc,USA,CC4001,PC_B2B,600606,Travel,O2C,HR,PO10127,Salesforce,1459
2024-06-13,ABC India Pvt Ltd,UK,CC1002,PC_B2B,600202,Software,O2C,Admin,PO10128,TCS,45945
2024-03-25,ABC Tech Inc,USA,CC1002,PC_Retail,600505,Travel,Payroll,Admin,PO10129,Stripe,31254
2024-05-15,ABC UK Ltd,USA,CC4001,PC_Retail,600606,Travel,Taxation,Operations,PO10130,KPMG,47399
2024-04-13,ABC UK Ltd,UK,CC4001,PC_Retail,600303,Software,Banking,HR,PO10131,Stripe,41051
2024-01-07,ABC UK Ltd,UK,CC1002,PC_B2B,600202,Rent,Banking,Operations,PO10132,AWS,25504
2024-05-15,ABC India Pvt Ltd,USA,CC3001,PC_Digital,600606,Rent,O2C,IT,PO10133,SAP,40667
2024-05-23,ABC UK Ltd,UK,CC2001,PC_Retail,600202,Rent,Banking,Operations,PO10134,Accenture,48348
2024-03-28,ABC UK Ltd,India,CC4001,PC_Digital,600202,Cloud,O2C,HR,PO10135,HSBC,35916
2024-03-25,ABC India Pvt Ltd,India,CC3001,PC_Retail,600101,Marketing,Banking,IT,PO10136,Deloitte,21076
2024-04-13,ABC Tech Inc,UK,CC2001,PC_B2B,600303,Cloud,Banking,Operations,PO10137,SAP,16254
2024-02-16,ABC India Pvt Ltd,USA,CC3001,PC_B2B,600606,Cloud,Taxation,Operations,PO10138,Adobe,17924
2024-01-16,ABC UK Ltd,USA,CC1001,PC_Digital,600202,Travel,O2C,Operations,PO10139,KPMG,45507
2024-05-03,ABC UK Ltd,India,CC3001,PC_Digital,600404,Rent,O2C,Sales,PO10140,Oracle,21094
2024-06-03,ABC Tech Inc,USA,CC4001,PC_Retail,600404,Rent,O2C,IT,PO10141,HSBC,1110
2024-02-20,ABC India Pvt Ltd,USA,CC2001,PC_B2B,600404,Rent,Payroll,Sales,PO10142,AWS,25415
2024-03-30,ABC Tech Inc,India,CC4001,PC_Retail,600202,Cloud,O2C,IT,PO10143,AWS,2433
2024-05-09,ABC Tech Inc,India,CC1001,PC_Digital,600505,Marketing,AP,IT,PO10144,Accenture,19675
2024-02-16,ABC UK Ltd,USA,CC3001,PC_Digital,600303,Software,Payroll,HR,PO10145,Infosys,15247
2024-06-05,ABC India Pvt Ltd,India,CC4001,PC_Retail,600101,Cloud,AP,IT,PO10146,Deloitte,16172
2024-06-18,ABC Tech Inc,India,CC1001,PC_Retail,600404,Consulting,AP,HR,PO10147,Salesforce,44150
2024-03-01,ABC India Pvt Ltd,India,CC1002,PC_Digital,600303,Cloud,Payroll,Admin,PO10148,AWS,20994
2024-05-24,ABC Tech Inc,USA,CC1001,PC_Digital,600202,Consulting,Taxation,Sales,PO10149,AWS,17492
2024-03-27,ABC UK Ltd,India,CC2001,PC_B2B,600606,Rent,AP,IT,PO10150,Stripe,30770
2024-06-22,ABC India Pvt Ltd,USA,CC2001,PC_Retail,600202,Consulting,O2C,IT,PO10151,Deloitte,17220
2024-06-13,ABC India Pvt Ltd,UK,CC4001,PC_Digital,600101,Rent,Payroll,Operations,PO10152,Microsoft,15776
2024-01-13,ABC India Pvt Ltd,India,CC3001,PC_Digital,600404,Software,Banking,Admin,PO10153,Stripe,21723
2024-05-08,ABC UK Ltd,USA,CC2001,PC_Retail,600404,Travel,Payroll,HR,PO10154,AWS,43277
2024-01-23,ABC UK Ltd,India,CC4001,PC_Retail,600606,Marketing,Payroll,HR,PO10155,AWS,28692
2024-06-02,ABC UK Ltd,India,CC1001,PC_B2B,600303,Travel,O2C,Operations,PO10156,TCS,25136
2024-02-23,ABC UK Ltd,India,CC1001,PC_Digital,600202,Consulting,Banking,Admin,PO10157,KPMG,11138
2024-01-07,ABC Tech Inc,USA,CC3001,PC_B2B,600404,Marketing,Taxation,IT,PO10158,Deloitte,41705
2024-02-12,ABC UK Ltd,USA,CC1002,PC_Retail,600303,Marketing,Taxation,Operations,PO10159,Meta,43602
2024-06-16,ABC India Pvt Ltd,USA,CC1002,PC_Retail,600404,Marketing,Taxation,Admin,PO10160,SAP,1567
2024-05-10,ABC India Pvt Ltd,USA,CC1001,PC_B2B,600101,Software,O2C,Admin,PO10161,Infosys,48544
2024-01-03,ABC UK Ltd,USA,CC2001,PC_Digital,600202,Consulting,O2C,Operations,PO10162,HSBC,6862
2024-06-27,ABC India Pvt Ltd,USA,CC3001,PC_Retail,600202,Marketing,O2C,Sales,PO10163,SAP,45617
2024-03-13,ABC India Pvt Ltd,UK,CC3001,PC_Digital,600202,Marketing,Payroll,Operations,PO10164,Salesforce,42786
2024-04-12,ABC India Pvt Ltd,UK,CC2001,PC_Digital,600404,Cloud,Taxation,Sales,PO10165,Infosys,35596
2024-06-12,ABC UK Ltd,India,CC1002,PC_Digital,600505,Cloud,O2C,Admin,PO10166,Infosys,40476
2024-05-01,ABC UK Ltd,UK,CC3001,PC_Retail,600606,Rent,Payroll,HR,PO10167,Oracle,46318
2024-02-17,ABC Tech Inc,UK,CC3001,PC_B2B,600606,Marketing,Banking,Admin,PO10168,KPMG,23004
2024-01-26,ABC UK Ltd,UK,CC3001,PC_Digital,600606,Cloud,AP,Admin,PO10169,Infosys,46283
2024-01-19,ABC Tech Inc,India,CC1001,PC_B2B,600505,Travel,Taxation,Sales,PO10170,Oracle,48071
2024-02-07,ABC India Pvt Ltd,UK,CC1001,PC_Digital,600606,Cloud,Taxation,HR,PO10171,Infosys,23046
2024-03-12,ABC Tech Inc,USA,CC1001,PC_B2B,600606,Consulting,AP,Admin,PO10172,HSBC,5526
2024-05-08,ABC India Pvt Ltd,USA,CC1002,PC_Digital,600101,Marketing,Payroll,Operations,PO10173,Deloitte,42528
2024-04-05,ABC Tech Inc,India,CC3001,PC_Retail,600505,Software,Banking,IT,PO10174,Stripe,16155
2024-01-11,ABC Tech Inc,USA,CC3001,PC_Digital,600505,Cloud,Banking,HR,PO10175,Meta,4135
2024-05-07,ABC Tech Inc,India,CC3001,PC_Digital,600202,Marketing,Banking,IT,PO10176,SAP,12233
2024-04-10,ABC UK Ltd,USA,CC1001,PC_Retail,600505,Marketing,Banking,IT,PO10177,Oracle,17150
2024-02-24,ABC India Pvt Ltd,India,CC4001,PC_B2B,600404,Marketing,Taxation,Sales,PO10178,HSBC,45433
2024-05-08,ABC Tech Inc,India,CC1002,PC_Retail,600505,Rent,AP,HR,PO10179,Google,5467
2024-03-06,ABC Tech Inc,UK,CC2001,PC_Digital,600303,Travel,AP,HR,PO10180,Adobe,38166
2024-02-22,ABC India Pvt Ltd,India,CC4001,PC_B2B,600606,Marketing,O2C,HR,PO10181,Microsoft,19645
2024-01-28,ABC UK Ltd,UK,CC3001,PC_Retail,600404,Consulting,O2C,Admin,PO10182,HSBC,38178
2024-03-10,ABC India Pvt Ltd,India,CC4001,PC_Retail,600606,Consulting,Payroll,IT,PO10183,KPMG,20021
2024-04-20,ABC UK Ltd,USA,CC2001,PC_Retail,600606,Cloud,AP,HR,PO10184,Stripe,20850
2024-01-12,ABC UK Ltd,USA,CC3001,PC_Retail,600303,Consulting,Payroll,Admin,PO10185,HSBC,27846
2024-05-06,ABC India Pvt Ltd,USA,CC4001,PC_Digital,600505,Cloud,Payroll,HR,PO10186,SAP,46846
2024-02-04,ABC India Pvt Ltd,UK,CC4001,PC_Retail,600505,Software,AP,Operations,PO10187,Oracle,44250
2024-01-20,ABC Tech Inc,USA,CC4001,PC_Digital,600101,Marketing,Payroll,Admin,PO10188,Infosys,44972
2024-01-04,ABC Tech Inc,USA,CC1002,PC_B2B,600606,Cloud,AP,Admin,PO10189,TCS,20866
2024-05-09,ABC Tech Inc,USA,CC2001,PC_Digital,600303,Cloud,AP,Admin,PO10190,Infosys,42048
2024-05-24,ABC UK Ltd,India,CC1002,PC_Digital,600303,Marketing,Payroll,Sales,PO10191,AWS,33449
2024-06-08,ABC UK Ltd,India,CC1002,PC_Retail,600505,Travel,O2C,Operations,PO10192,Accenture,38544
2024-06-27,ABC Tech Inc,USA,CC3001,PC_Retail,600101,Rent,Banking,Admin,PO10193,AWS,48480
2024-04-14,ABC India Pvt Ltd,India,CC1001,PC_Digital,600101,Rent,Banking,HR,PO10194,SAP,38027
2024-02-09,ABC UK Ltd,India,CC2001,PC_Digital,600202,Travel,AP,Operations,PO10195,AWS,14483
2024-04-11,ABC UK Ltd,India,CC1002,PC_B2B,600606,Travel,Taxation,Admin,PO10196,Accenture,3837
2024-02-21,ABC India Pvt Ltd,USA,CC1001,PC_B2B,600202,Rent,Taxation,Sales,PO10197,AWS,20556
2024-05-17,ABC UK Ltd,India,CC1002,PC_B2B,600303,Consulting,O2C,IT,PO10198,KPMG,14459
2024-01-07,ABC Tech Inc,UK,CC1002,PC_B2B,600101,Rent,Taxation,Operations,PO10199,Salesforce,19866
2024-01-17,ABC UK Ltd,UK,CC1002,PC_Retail,600505,Marketing,Banking,IT,PO10200,AWS,10084
2024-06-12,ABC UK Ltd,USA,CC1001,PC_Digital,600606,Software,Taxation,HR,PO10201,Oracle,9777
2024-01-01,ABC Tech Inc,USA,CC1002,PC_B2B,600505,Travel,Payroll,IT,PO10202,Infosys,21425
2024-02-15,ABC Tech Inc,USA,CC4001,PC_Digital,600505,Rent,Payroll,IT,PO10203,Google,3715
2024-03-02,ABC UK Ltd,USA,CC1002,PC_B2B,600404,Marketing,O2C,HR,PO10204,Deloitte,32665
2024-01-17,ABC India Pvt Ltd,UK,CC2001,PC_B2B,600303,Cloud,Banking,IT,PO10205,SAP,3481
2024-05-31,ABC India Pvt Ltd,UK,CC3001,PC_B2B,600505,Consulting,Taxation,Sales,PO10206,KPMG,14141
2024-02-24,ABC Tech Inc,USA,CC4001,PC_Retail,600505,Cloud,Banking,IT,PO10207,Infosys,49090
2024-06-09,ABC Tech Inc,USA,CC2001,PC_B2B,600303,Cloud,Banking,Sales,PO10208,Infosys,48225
2024-05-27,ABC India Pvt Ltd,India,CC2001,PC_Digital,600101,Travel,O2C,Operations,PO10209,Infosys,41110
2024-06-11,ABC UK Ltd,USA,CC4001,PC_B2B,600606,Travel,AP,Sales,PO10210,SAP,12880
2024-01-07,ABC India Pvt Ltd,UK,CC2001,PC_B2B,600202,Software,O2C,HR,PO10211,AWS,3256
2024-04-25,ABC Tech Inc,USA,CC1002,PC_B2B,600303,Software,Taxation,Sales,PO10212,Stripe,34988
2024-03-16,ABC India Pvt Ltd,USA,CC1002,PC_Retail,600505,Rent,Banking,Operations,PO10213,TCS,6566
2024-01-13,ABC Tech Inc,USA,CC4001,PC_Digital,600101,Rent,Taxation,Sales,PO10214,Meta,3317
2024-03-05,ABC India Pvt Ltd,India,CC2001,PC_Digital,600303,Rent,Taxation,HR,PO10215,Google,6488
2024-03-16,ABC UK Ltd,India,CC1002,PC_Retail,600202,Consulting,O2C,Sales,PO10216,Accenture,43562
2024-05-14,ABC Tech Inc,UK,CC1002,PC_Digital,600606,Consulting,Payroll,IT,PO10217,Google,15834
2024-06-28,ABC Tech Inc,USA,CC3001,PC_B2B,600505,Travel,Taxation,IT,PO10218,Infosys,42135
2024-04-17,ABC UK Ltd,USA,CC4001,PC_Digital,600303,Consulting,AP,Sales,PO10219,Stripe,16549
2024-05-22,ABC UK Ltd,USA,CC1002,PC_Retail,600606,Rent,Taxation,HR,PO10220,Adobe,38520
2024-02-18,ABC India Pvt Ltd,USA,CC4001,PC_B2B,600303,Cloud,AP,HR,PO10221,Oracle,29469
2024-02-16,ABC India Pvt Ltd,India,CC4001,PC_Retail,600606,Rent,Banking,Admin,PO10222,Infosys,24592
2024-03-22,ABC Tech Inc,UK,CC2001,PC_Retail,600606,Software,Taxation,Operations,PO10223,TCS,42920
2024-02-13,ABC Tech Inc,USA,CC2001,PC_Digital,600202,Cloud,Taxation,Sales,PO10224,KPMG,23769
2024-06-14,ABC Tech Inc,UK,CC1002,PC_Retail,600303,Travel,Banking,HR,PO10225,Meta,35431
2024-01-20,ABC Tech Inc,USA,CC2001,PC_Digital,600202,Software,Payroll,Operations,PO10226,Infosys,42395
2024-02-26,ABC India Pvt Ltd,UK,CC2001,PC_Digital,600606,Consulting,Payroll,Admin,PO10227,Adobe,8609
2024-02-23,ABC Tech Inc,India,CC2001,PC_Retail,600505,Consulting,Banking,Admin,PO10228,Adobe,3603
2024-02-10,ABC India Pvt Ltd,UK,CC4001,PC_Digital,600202,Rent,Taxation,Sales,PO10229,Stripe,31858
2024-06-09,ABC UK Ltd,USA,CC1001,PC_B2B,600505,Consulting,AP,Operations,PO10230,KPMG,33410
2024-05-27,ABC India Pvt Ltd,India,CC3001,PC_Digital,600606,Travel,Taxation,Sales,PO10231,Meta,40083
2024-05-27,ABC Tech Inc,UK,CC2001,PC_Digital,600202,Consulting,Banking,IT,PO10232,Accenture,3783
2024-04-04,ABC Tech Inc,USA,CC1001,PC_B2B,600303,Consulting,Taxation,HR,PO10233,HSBC,2448
2024-06-21,ABC India Pvt Ltd,India,CC4001,PC_Digital,600303,Rent,Taxation,Operations,PO10234,Meta,22985
2024-03-23,ABC India Pvt Ltd,USA,CC1002,PC_B2B,600101,Marketing,Payroll,Operations,PO10235,Microsoft,46541
2024-01-25,ABC Tech Inc,USA,CC3001,PC_Retail,600303,Marketing,Payroll,Operations,PO10236,Adobe,23591
2024-02-10,ABC India Pvt Ltd,USA,CC1002,PC_B2B,600404,Consulting,Banking,HR,PO10237,KPMG,39957
2024-01-17,ABC UK Ltd,India,CC1001,PC_B2B,600303,Rent,O2C,IT,PO10238,AWS,22299
2024-06-16,ABC Tech Inc,USA,CC1002,PC_Digital,600101,Marketing,Payroll,IT,PO10239,Deloitte,14868
2024-02-19,ABC UK Ltd,USA,CC4001,PC_Digital,600202,Software,O2C,Admin,PO10240,AWS,41930
2024-01-11,ABC Tech Inc,USA,CC4001,PC_Retail,600303,Cloud,Banking,Sales,PO10241,Meta,3678
2024-02-12,ABC UK Ltd,India,CC2001,PC_B2B,600303,Cloud,Taxation,Admin,PO10242,Accenture,35695
2024-06-08,ABC UK Ltd,USA,CC1002,PC_Digital,600505,Rent,Taxation,HR,PO10243,HSBC,36511
2024-03-05,ABC Tech Inc,USA,CC2001,PC_B2B,600101,Consulting,Taxation,Sales,PO10244,Deloitte,13539
2024-05-31,ABC Tech Inc,USA,CC1002,PC_Digital,600606,Marketing,Banking,HR,PO10245,Stripe,34879
2024-04-12,ABC Tech Inc,UK,CC1001,PC_Digital,600404,Marketing,Payroll,Admin,PO10246,Oracle,42845
2024-06-25,ABC Tech Inc,USA,CC1002,PC_Retail,600101,Software,AP,Operations,PO10247,Google,25519
2024-01-22,ABC UK Ltd,UK,CC3001,PC_Digital,600202,Travel,AP,Operations,PO10248,Infosys,21763
2024-01-20,ABC India Pvt Ltd,UK,CC4001,PC_Retail,600404,Consulting,O2C,Sales,PO10249,Infosys,26562
2024-01-27,ABC UK Ltd,UK,CC4001,PC_Retail,600101,Cloud,O2C,Admin,PO10250,TCS,13448
2024-05-21,ABC Tech Inc,USA,CC1002,PC_B2B,600303,Travel,Taxation,IT,PO10251,Infosys,43888
2024-05-07,ABC Tech Inc,UK,CC1001,PC_Digital,600303,Travel,Taxation,Operations,PO10252,Google,45000
2024-05-19,ABC UK Ltd,India,CC1001,PC_Digital,600303,Travel,Banking,HR,PO10253,Stripe,47066
2024-01-16,ABC India Pvt Ltd,USA,CC1002,PC_Retail,600505,Rent,Payroll,Admin,PO10254,KPMG,13460
2024-03-31,ABC India Pvt Ltd,USA,CC1001,PC_Digital,600505,Travel,Banking,Sales,PO10255,TCS,18440
2024-01-07,ABC India Pvt Ltd,UK,CC4001,PC_Retail,600505,Rent,Taxation,Admin,PO10256,Salesforce,37387
2024-04-01,ABC India Pvt Ltd,UK,CC2001,PC_B2B,600505,Marketing,Banking,Sales,PO10257,SAP,22325
2024-02-13,ABC UK Ltd,India,CC3001,PC_Digital,600202,Rent,O2C,IT,PO10258,TCS,46238
2024-05-03,ABC Tech Inc,India,CC2001,PC_Retail,600606,Travel,Payroll,Sales,PO10259,Oracle,3516
2024-06-24,ABC India Pvt Ltd,USA,CC1002,PC_B2B,600505,Cloud,O2C,HR,PO10260,AWS,34223
2024-01-11,ABC Tech Inc,UK,CC1001,PC_B2B,600202,Rent,O2C,HR,PO10261,Microsoft,3952
2024-03-07,ABC UK Ltd,UK,CC4001,PC_Digital,600101,Consulting,O2C,IT,PO10262,HSBC,31052
2024-01-30,ABC UK Ltd,UK,CC3001,PC_Retail,600202,Rent,O2C,Operations,PO10263,Deloitte,10402
2024-05-20,ABC UK Ltd,India,CC1002,PC_B2B,600101,Marketing,AP,IT,PO10264,Infosys,2251
2024-03-04,ABC UK Ltd,USA,CC2001,PC_B2B,600505,Cloud,O2C,HR,PO10265,KPMG,41476
2024-01-02,ABC Tech Inc,UK,CC3001,PC_Digital,600303,Marketing,O2C,Operations,PO10266,Google,14752
2024-03-09,ABC India Pvt Ltd,USA,CC3001,PC_Digital,600101,Cloud,Payroll,IT,PO10267,Meta,39999
2024-01-17,ABC UK Ltd,India,CC1002,PC_B2B,600404,Software,AP,Sales,PO10268,Stripe,41783
2024-02-20,ABC India Pvt Ltd,UK,CC1002,PC_Retail,600505,Consulting,O2C,IT,PO10269,Microsoft,36542
2024-04-09,ABC Tech Inc,UK,CC2001,PC_Digital,600303,Marketing,Taxation,Operations,PO10270,Meta,10473
2024-04-10,ABC Tech Inc,USA,CC1002,PC_Digital,600606,Cloud,Payroll,HR,PO10271,Salesforce,25352
2024-04-01,ABC UK Ltd,UK,CC1001,PC_Retail,600404,Marketing,Payroll,Admin,PO10272,AWS,10269
2024-01-20,ABC Tech Inc,USA,CC2001,PC_B2B,600202,Software,AP,HR,PO10273,TCS,43313
2024-02-24,ABC India Pvt Ltd,India,CC2001,PC_B2B,600505,Travel,Payroll,Operations,PO10274,Stripe,33359
2024-01-22,ABC UK Ltd,India,CC2001,PC_Retail,600101,Travel,Banking,Admin,PO10275,Oracle,10079
2024-05-22,ABC Tech Inc,India,CC1002,PC_B2B,600505,Cloud,AP,HR,PO10276,KPMG,22128
2024-02-21,ABC Tech Inc,India,CC1001,PC_Digital,600303,Rent,Taxation,Sales,PO10277,SAP,2175
2024-04-30,ABC India Pvt Ltd,India,CC1001,PC_Retail,600606,Consulting,Banking,Operations,PO10278,KPMG,4419
2024-02-09,ABC Tech Inc,UK,CC4001,PC_Digital,600303,Travel,AP,Sales,PO10279,SAP,48205
2024-03-28,ABC UK Ltd,USA,CC1001,PC_B2B,600505,Marketing,Taxation,Operations,PO10280,Stripe,20065
2024-05-07,ABC UK Ltd,UK,CC2001,PC_Retail,600505,Marketing,Banking,Sales,PO10281,SAP,40685
2024-01-19,ABC UK Ltd,India,CC1001,PC_Digital,600202,Marketing,Taxation,HR,PO10282,Adobe,24066
2024-05-22,ABC Tech Inc,USA,CC3001,PC_Retail,600404,Marketing,AP,IT,PO10283,SAP,35379
2024-01-26,ABC Tech Inc,USA,CC4001,PC_B2B,600404,Travel,AP,HR,PO10284,Adobe,21406
2024-06-08,ABC Tech Inc,USA,CC4001,PC_Digital,600303,Travel,Payroll,IT,PO10285,Meta,10244
2024-05-03,ABC India Pvt Ltd,UK,CC4001,PC_Retail,600303,Cloud,Banking,HR,PO10286,AWS,4602
2024-04-25,ABC Tech Inc,USA,CC1001,PC_Digital,600202,Travel,Payroll,IT,PO10287,Meta,2791
2024-01-12,ABC Tech Inc,UK,CC3001,PC_Retail,600101,Marketing,Payroll,IT,PO10288,AWS,41008
2024-04-03,ABC India Pvt Ltd,India,CC1002,PC_B2B,600505,Cloud,Banking,Admin,PO10289,HSBC,37156
2024-01-30,ABC India Pvt Ltd,USA,CC1001,PC_B2B,600303,Software,Payroll,Operations,PO10290,Microsoft,1008
2024-06-15,ABC UK Ltd,India,CC4001,PC_Retail,600202,Software,AP,HR,PO10291,Infosys,24293
2024-05-31,ABC India Pvt Ltd,India,CC1001,PC_B2B,600101,Marketing,Taxation,IT,PO10292,AWS,13495
2024-03-21,ABC India Pvt Ltd,UK,CC1002,PC_Digital,600303,Consulting,O2C,Sales,PO10293,Google,23224
2024-03-03,ABC India Pvt Ltd,UK,CC4001,PC_Digital,600202,Software,AP,Admin,PO10294,Accenture,49691
2024-03-20,ABC UK Ltd,UK,CC1002,PC_Retail,600606,Marketing,O2C,IT,PO10295,Microsoft,6779
2024-04-12,ABC India Pvt Ltd,India,CC4001,PC_B2B,600505,Software,Taxation,Sales,PO10296,Adobe,7199
2024-04-13,ABC UK Ltd,USA,CC4001,PC_Digital,600202,Rent,Banking,Admin,PO10297,Stripe,23866
2024-04-18,ABC Tech Inc,UK,CC2001,PC_Retail,600202,Cloud,Banking,IT,PO10298,KPMG,32943
2024-01-22,ABC UK Ltd,USA,CC4001,PC_Retail,600202,Software,Taxation,IT,PO10299,Infosys,29417
2024-03-14,ABC Tech Inc,USA,CC1002,PC_B2B,600303,Rent,O2C,HR,PO10300,Google,49883
2024-04-14,ABC Tech Inc,USA,CC3001,PC_Retail,600606,Travel,O2C,IT,PO10301,Oracle,14589
2024-03-27,ABC Tech Inc,India,CC1002,PC_Retail,600202,Travel,Taxation,Sales,PO10302,KPMG,14295
2024-03-15,ABC India Pvt Ltd,UK,CC1002,PC_Retail,600606,Marketing,Payroll,Sales,PO10303,Oracle,45973
2024-01-30,ABC Tech Inc,UK,CC3001,PC_Digital,600505,Cloud,AP,IT,PO10304,Google,17495
2024-01-27,ABC Tech Inc,USA,CC1002,PC_B2B,600101,Rent,AP,Operations,PO10305,HSBC,35921
2024-01-04,ABC Tech Inc,USA,CC3001,PC_B2B,600202,Marketing,Payroll,HR,PO10306,AWS,34799
2024-05-21,ABC Tech Inc,UK,CC3001,PC_Retail,600303,Cloud,AP,HR,PO10307,Deloitte,10824
2024-01-27,ABC India Pvt Ltd,UK,CC1001,PC_B2B,600303,Marketing,Banking,Operations,PO10308,KPMG,43272
2024-02-12,ABC UK Ltd,USA,CC3001,PC_Digital,600101,Software,Banking,IT,PO10309,AWS,4873
2024-04-15,ABC Tech Inc,India,CC2001,PC_Retail,600303,Consulting,O2C,IT,PO10310,Stripe,23594
2024-06-27,ABC UK Ltd,USA,CC1001,PC_B2B,600505,Cloud,Payroll,HR,PO10311,Salesforce,41379
2024-01-03,ABC UK Ltd,USA,CC1002,PC_Retail,600202,Cloud,AP,Sales,PO10312,Accenture,40721
2024-04-05,ABC Tech Inc,India,CC2001,PC_Digital,600101,Travel,AP,Admin,PO10313,Meta,14028
2024-02-05,ABC UK Ltd,UK,CC4001,PC_B2B,600404,Software,Banking,IT,PO10314,Microsoft,26072
2024-03-16,ABC Tech Inc,India,CC2001,PC_B2B,600101,Travel,AP,Admin,PO10315,Microsoft,5217
2024-05-25,ABC India Pvt Ltd,UK,CC1001,PC_B2B,600404,Cloud,Taxation,Operations,PO10316,Salesforce,11016
2024-05-18,ABC UK Ltd,UK,CC1002,PC_Digital,600101,Marketing,Banking,IT,PO10317,HSBC,3945
2024-01-07,ABC UK Ltd,India,CC1001,PC_Digital,600202,Cloud,Banking,Admin,PO10318,HSBC,2736
2024-02-17,ABC India Pvt Ltd,India,CC1002,PC_Digital,600303,Cloud,Payroll,HR,PO10319,Adobe,7738
2024-02-15,ABC India Pvt Ltd,UK,CC3001,PC_Digital,600606,Marketing,AP,Admin,PO10320,AWS,17958
2024-02-09,ABC Tech Inc,India,CC1001,PC_B2B,600505,Travel,Banking,Admin,PO10321,Meta,2307
2024-03-16,ABC UK Ltd,India,CC3001,PC_B2B,600101,Software,O2C,IT,PO10322,Adobe,3734
2024-01-23,ABC UK Ltd,UK,CC2001,PC_Retail,600404,Cloud,Taxation,Operations,PO10323,Accenture,49130
2024-06-02,ABC Tech Inc,USA,CC2001,PC_Digital,600202,Cloud,AP,HR,PO10324,KPMG,41713
2024-03-04,ABC India Pvt Ltd,India,CC1001,PC_B2B,600101,Marketing,O2C,Admin,PO10325,Microsoft,46713
2024-04-11,ABC India Pvt Ltd,USA,CC1002,PC_Digital,600202,Software,Banking,Operations,PO10326,Google,5362
2024-02-12,ABC Tech Inc,UK,CC2001,PC_Digital,600606,Software,Banking,Operations,PO10327,Microsoft,21229
2024-05-11,ABC India Pvt Ltd,USA,CC3001,PC_Digital,600101,Software,O2C,Operations,PO10328,KPMG,19304
2024-01-31,ABC India Pvt Ltd,India,CC1001,PC_B2B,600404,Consulting,Payroll,Sales,PO10329,Oracle,27750
2024-04-28,ABC Tech Inc,India,CC1001,PC_B2B,600303,Consulting,O2C,HR,PO10330,TCS,25260
2024-04-28,ABC Tech Inc,USA,CC1002,PC_B2B,600303,Travel,Payroll,IT,PO10331,KPMG,14391
2024-05-07,ABC India Pvt Ltd,USA,CC1001,PC_Digital,600303,Travel,AP,Operations,PO10332,Oracle,7615
2024-05-14,ABC India Pvt Ltd,India,CC4001,PC_Digital,600404,Rent,Taxation,Sales,PO10333,TCS,49973
2024-04-22,ABC Tech Inc,India,CC1001,PC_Retail,600404,Cloud,O2C,HR,PO10334,HSBC,5853
2024-06-04,ABC India Pvt Ltd,USA,CC3001,PC_Digital,600303,Rent,O2C,HR,PO10335,KPMG,13424
2024-03-16,ABC Tech Inc,UK,CC1001,PC_B2B,600404,Marketing,AP,Sales,PO10336,Deloitte,28986
2024-01-31,ABC UK Ltd,USA,CC1001,PC_Retail,600505,Marketing,Payroll,HR,PO10337,SAP,44410
2024-01-14,ABC India Pvt Ltd,India,CC1001,PC_B2B,600404,Marketing,AP,Sales,PO10338,TCS,21564
2024-03-02,ABC Tech Inc,USA,CC1002,PC_B2B,600505,Software,O2C,Operations,PO10339,Infosys,2074
2024-04-05,ABC UK Ltd,UK,CC3001,PC_Retail,600101,Travel,AP,Sales,PO10340,Salesforce,45807
2024-06-07,ABC Tech Inc,USA,CC4001,PC_B2B,600101,Cloud,AP,IT,PO10341,Stripe,40141
2024-02-22,ABC Tech Inc,USA,CC1002,PC_Digital,600101,Cloud,O2C,Sales,PO10342,Salesforce,31738
2024-04-12,ABC UK Ltd,UK,CC3001,PC_Digital,600101,Marketing,Taxation,Admin,PO10343,AWS,7026
2024-04-13,ABC Tech Inc,India,CC4001,PC_Retail,600606,Travel,O2C,IT,PO10344,Adobe,20805
2024-02-16,ABC Tech Inc,UK,CC3001,PC_B2B,600606,Marketing,Taxation,Sales,PO10345,Accenture,46421
2024-03-06,ABC India Pvt Ltd,USA,CC2001,PC_B2B,600505,Cloud,Payroll,HR,PO10346,KPMG,18838
2024-06-22,ABC India Pvt Ltd,India,CC3001,PC_Digital,600606,Cloud,Payroll,HR,PO10347,HSBC,7788
2024-02-16,ABC Tech Inc,USA,CC4001,PC_B2B,600101,Travel,Payroll,Operations,PO10348,Infosys,24941
2024-06-06,ABC UK Ltd,USA,CC1002,PC_B2B,600303,Travel,AP,Admin,PO10349,KPMG,29990
2024-06-22,ABC Tech Inc,UK,CC3001,PC_Digital,600404,Travel,Banking,IT,PO10350,SAP,43949
2024-01-10,ABC Tech Inc,USA,CC1001,PC_Retail,600101,Marketing,AP,HR,PO10351,KPMG,41513
2024-04-15,ABC India Pvt Ltd,UK,CC3001,PC_Digital,600101,Consulting,Payroll,Admin,PO10352,HSBC,17779
2024-03-27,ABC UK Ltd,India,CC1002,PC_B2B,600606,Cloud,AP,Operations,PO10353,Meta,14562
2024-06-22,ABC Tech Inc,USA,CC4001,PC_Retail,600202,Consulting,Taxation,Admin,PO10354,Deloitte,4812
2024-03-12,ABC Tech Inc,USA,CC2001,PC_B2B,600505,Software,Banking,Sales,PO10355,TCS,39861
2024-01-13,ABC UK Ltd,India,CC4001,PC_B2B,600404,Marketing,AP,HR,PO10356,Deloitte,8204
2024-04-10,ABC UK Ltd,USA,CC4001,PC_Retail,600303,Software,AP,IT,PO10357,Meta,29478
2024-02-23,ABC Tech Inc,USA,CC4001,PC_B2B,600202,Software,Payroll,Sales,PO10358,Stripe,49356
2024-02-13,ABC India Pvt Ltd,India,CC2001,PC_B2B,600404,Marketing,O2C,Operations,PO10359,Salesforce,18997
2024-05-30,ABC Tech Inc,USA,CC3001,PC_Digital,600404,Marketing,Payroll,Operations,PO10360,Google,35211
2024-06-17,ABC UK Ltd,India,CC1001,PC_Retail,600404,Consulting,AP,IT,PO10361,Google,42043
2024-02-14,ABC Tech Inc,India,CC1002,PC_Digital,600404,Consulting,AP,Sales,PO10362,HSBC,41161
2024-06-14,ABC Tech Inc,India,CC1001,PC_Retail,600202,Travel,Payroll,Operations,PO10363,Salesforce,1722
2024-02-14,ABC India Pvt Ltd,USA,CC2001,PC_Retail,600303,Software,Banking,IT,PO10364,Oracle,23149
2024-05-29,ABC India Pvt Ltd,USA,CC1001,PC_Retail,600101,Software,Payroll,Sales,PO10365,Adobe,46411
2024-06-26,ABC India Pvt Ltd,UK,CC1002,PC_Digital,600606,Travel,Banking,HR,PO10366,Oracle,34361
2024-02-19,ABC India Pvt Ltd,India,CC3001,PC_B2B,600202,Rent,O2C,Operations,PO10367,Deloitte,21602
2024-02-20,ABC UK Ltd,USA,CC3001,PC_Digital,600606,Consulting,Taxation,Operations,PO10368,Stripe,32490
2024-05-12,ABC UK Ltd,UK,CC1001,PC_Retail,600505,Consulting,Payroll,IT,PO10369,Oracle,35892
2024-06-21,ABC Tech Inc,USA,CC4001,PC_Digital,600606,Marketing,Banking,Sales,PO10370,Microsoft,17006
2024-04-22,ABC UK Ltd,UK,CC1001,PC_Digital,600101,Rent,O2C,IT,PO10371,Deloitte,30753
2024-04-15,ABC India Pvt Ltd,UK,CC4001,PC_B2B,600606,Marketing,O2C,IT,PO10372,Adobe,15442
2024-01-30,ABC Tech Inc,UK,CC1001,PC_Retail,600101,Cloud,AP,HR,PO10373,Infosys,28926
2024-02-21,ABC UK Ltd,India,CC1001,PC_Digital,600505,Marketing,Payroll,Admin,PO10374,TCS,48428
2024-01-25,ABC UK Ltd,USA,CC2001,PC_B2B,600101,Consulting,AP,IT,PO10375,Accenture,2586
2024-03-12,ABC Tech Inc,USA,CC1001,PC_Digital,600202,Software,Payroll,Admin,PO10376,Salesforce,12428
2024-03-04,ABC India Pvt Ltd,UK,CC3001,PC_Retail,600404,Software,Banking,Operations,PO10377,Microsoft,25355
2024-01-13,ABC UK Ltd,India,CC4001,PC_Retail,600303,Travel,Payroll,IT,PO10378,HSBC,10829
2024-05-20,ABC UK Ltd,UK,CC1002,PC_Retail,600101,Cloud,O2C,HR,PO10379,Oracle,32498
2024-04-09,ABC India Pvt Ltd,India,CC1001,PC_B2B,600606,Marketing,Taxation,HR,PO10380,KPMG,29849
2024-01-20,ABC Tech Inc,UK,CC2001,PC_B2B,600606,Rent,O2C,Sales,PO10381,Meta,1221
2024-05-26,ABC UK Ltd,UK,CC3001,PC_Retail,600404,Software,Banking,Operations,PO10382,AWS,32205
2024-03-30,ABC India Pvt Ltd,USA,CC1001,PC_B2B,600505,Marketing,AP,Sales,PO10383,Stripe,44867
2024-06-19,ABC Tech Inc,India,CC1002,PC_Digital,600202,Rent,Taxation,Sales,PO10384,KPMG,11622
2024-04-24,ABC Tech Inc,India,CC2001,PC_B2B,600505,Travel,Payroll,IT,PO10385,Adobe,36066
2024-02-04,ABC UK Ltd,USA,CC3001,PC_B2B,600505,Software,Banking,Sales,PO10386,AWS,6807
2024-06-17,ABC UK Ltd,USA,CC1002,PC_Retail,600606,Consulting,Payroll,Admin,PO10387,HSBC,18451
2024-05-10,ABC UK Ltd,USA,CC3001,PC_Retail,600505,Consulting,O2C,Sales,PO10388,Oracle,38629
2024-02-05,ABC UK Ltd,UK,CC1001,PC_Digital,600202,Travel,Payroll,IT,PO10389,Accenture,40917
2024-04-29,ABC UK Ltd,USA,CC1002,PC_B2B,600505,Software,Banking,Sales,PO10390,TCS,3906
2024-03-29,ABC India Pvt Ltd,USA,CC4001,PC_B2B,600505,Consulting,Taxation,Sales,PO10391,SAP,37780
2024-06-11,ABC Tech Inc,India,CC3001,PC_Digital,600202,Software,Taxation,HR,PO10392,Adobe,33526
2024-01-21,ABC India Pvt Ltd,USA,CC1002,PC_B2B,600303,Rent,O2C,HR,PO10393,KPMG,4993
2024-04-20,ABC Tech Inc,USA,CC2001,PC_Digital,600101,Travel,Payroll,Admin,PO10394,HSBC,25995
2024-03-22,ABC Tech Inc,India,CC2001,PC_Digital,600101,Consulting,AP,IT,PO10395,Google,35017
2024-01-26,ABC Tech Inc,UK,CC1002,PC_B2B,600202,Consulting,Payroll,Operations,PO10396,SAP,12410
2024-03-08,ABC India Pvt Ltd,USA,CC1002,PC_Digital,600202,Rent,O2C,IT,PO10397,Adobe,14270
2024-02-19,ABC Tech Inc,USA,CC1001,PC_Digital,600606,Cloud,Banking,IT,PO10398,KPMG,4351
2024-03-31,ABC Tech Inc,UK,CC3001,PC_Retail,600303,Software,AP,Sales,PO10399,Google,28264
2024-05-02,ABC India Pvt Ltd,UK,CC4001,PC_Digital,600505,Cloud,Taxation,HR,PO10400,HSBC,15567
2024-03-30,ABC UK Ltd,India,CC1002,PC_B2B,600101,Rent,AP,Admin,PO10401,Microsoft,34989
2024-06-24,ABC India Pvt Ltd,India,CC1002,PC_B2B,600303,Cloud,Banking,Sales,PO10402,SAP,20009
2024-06-03,ABC India Pvt Ltd,USA,CC2001,PC_Retail,600101,Travel,O2C,Operations,PO10403,Salesforce,23725
2024-06-08,ABC UK Ltd,UK,CC4001,PC_B2B,600202,Marketing,Payroll,Sales,PO10404,HSBC,17060
2024-01-19,ABC India Pvt Ltd,UK,CC1001,PC_B2B,600505,Cloud,Payroll,HR,PO10405,Infosys,40017
2024-01-21,ABC India Pvt Ltd,USA,CC4001,PC_Retail,600404,Consulting,Taxation,Operations,PO10406,Google,45277
2024-03-17,ABC India Pvt Ltd,USA,CC3001,PC_Digital,600404,Travel,O2C,Operations,PO10407,Stripe,36400
2024-05-27,ABC India Pvt Ltd,UK,CC3001,PC_Retail,600303,Rent,Payroll,Admin,PO10408,HSBC,25073
2024-03-26,ABC UK Ltd,USA,CC2001,PC_Retail,600606,Marketing,Taxation,HR,PO10409,Adobe,25532
2024-02-20,ABC UK Ltd,USA,CC2001,PC_Retail,600505,Consulting,Payroll,HR,PO10410,KPMG,3499
2024-03-31,ABC UK Ltd,USA,CC4001,PC_Digital,600202,Software,Payroll,HR,PO10411,TCS,9098
2024-01-25,ABC Tech Inc,USA,CC1002,PC_Retail,600303,Consulting,AP,Sales,PO10412,Salesforce,12450
2024-03-26,ABC Tech Inc,India,CC3001,PC_B2B,600505,Software,Banking,Admin,PO10413,Adobe,29456
2024-05-18,ABC UK Ltd,India,CC1001,PC_Digital,600606,Software,AP,Admin,PO10414,HSBC,14528
2024-03-23,ABC India Pvt Ltd,India,CC4001,PC_B2B,600404,Cloud,Payroll,Operations,PO10415,Microsoft,49565
2024-03-25,ABC UK Ltd,USA,CC4001,PC_Retail,600202,Travel,Banking,Operations,PO10416,Meta,38335
2024-01-13,ABC Tech Inc,India,CC1002,PC_B2B,600404,Travel,O2C,Admin,PO10417,Infosys,33235
2024-02-26,ABC Tech Inc,USA,CC3001,PC_Digital,600505,Consulting,Banking,HR,PO10418,Google,19219
2024-04-25,ABC UK Ltd,USA,CC1002,PC_Retail,600505,Cloud,Taxation,Sales,PO10419,Deloitte,24485
2024-03-25,ABC UK Ltd,India,CC2001,PC_B2B,600404,Consulting,Payroll,HR,PO10420,Infosys,33457
2024-04-06,ABC India Pvt Ltd,UK,CC1001,PC_Retail,600101,Cloud,Payroll,HR,PO10421,AWS,41638
2024-04-26,ABC India Pvt Ltd,USA,CC1001,PC_Digital,600101,Cloud,O2C,Operations,PO10422,Oracle,42913
2024-01-21,ABC India Pvt Ltd,India,CC1001,PC_B2B,600303,Cloud,O2C,Admin,PO10423,Microsoft,48266
2024-03-22,ABC India Pvt Ltd,UK,CC3001,PC_Retail,600101,Cloud,AP,HR,PO10424,Accenture,36552
2024-01-26,ABC India Pvt Ltd,UK,CC1002,PC_Digital,600202,Travel,Banking,HR,PO10425,Accenture,2814
2024-02-29,ABC UK Ltd,UK,CC3001,PC_Digital,600404,Travel,Payroll,HR,PO10426,KPMG,44709
2024-06-22,ABC India Pvt Ltd,UK,CC1001,PC_Digital,600404,Software,Banking,IT,PO10427,Deloitte,3968
2024-02-05,ABC UK Ltd,USA,CC1001,PC_B2B,600202,Travel,O2C,IT,PO10428,Microsoft,23821
2024-06-16,ABC Tech Inc,UK,CC1002,PC_Digital,600505,Marketing,Taxation,HR,PO10429,HSBC,41994
2024-04-24,ABC UK Ltd,India,CC1002,PC_Retail,600606,Rent,Payroll,Operations,PO10430,HSBC,30801
2024-02-17,ABC India Pvt Ltd,USA,CC4001,PC_B2B,600404,Marketing,O2C,Admin,PO10431,Stripe,5794
2024-01-13,ABC UK Ltd,USA,CC1001,PC_B2B,600404,Rent,AP,Sales,PO10432,AWS,11011
2024-01-17,ABC UK Ltd,India,CC1002,PC_B2B,600101,Travel,AP,HR,PO10433,Salesforce,26699
2024-06-06,ABC UK Ltd,USA,CC3001,PC_Digital,600202,Consulting,O2C,Sales,PO10434,SAP,16022
2024-03-26,ABC UK Ltd,USA,CC3001,PC_Digital,600303,Software,Taxation,Sales,PO10435,KPMG,37546
2024-02-05,ABC Tech Inc,UK,CC4001,PC_B2B,600505,Marketing,Taxation,Admin,PO10436,Accenture,7797
2024-02-15,ABC Tech Inc,USA,CC4001,PC_Digital,600202,Cloud,Taxation,Admin,PO10437,Salesforce,15254
2024-05-12,ABC Tech Inc,USA,CC1002,PC_Retail,600303,Marketing,Banking,Operations,PO10438,Google,7840
2024-06-05,ABC India Pvt Ltd,USA,CC1002,PC_Digital,600202,Travel,O2C,Sales,PO10439,TCS,18773
2024-02-16,ABC India Pvt Ltd,India,CC1002,PC_Retail,600606,Cloud,Payroll,HR,PO10440,AWS,8758
2024-01-30,ABC UK Ltd,India,CC4001,PC_Digital,600606,Consulting,O2C,Operations,PO10441,Microsoft,5270
2024-03-31,ABC India Pvt Ltd,UK,CC4001,PC_Retail,600505,Marketing,Taxation,IT,PO10442,HSBC,7160
2024-06-11,ABC UK Ltd,UK,CC1001,PC_B2B,600101,Rent,Payroll,IT,PO10443,Google,8407
2024-05-09,ABC Tech Inc,India,CC3001,PC_Digital,600101,Rent,O2C,Admin,PO10444,Stripe,20544
2024-02-23,ABC India Pvt Ltd,India,CC1001,PC_Retail,600303,Marketing,Banking,Admin,PO10445,Deloitte,13553
2024-05-01,ABC UK Ltd,USA,CC1001,PC_Digital,600303,Cloud,AP,IT,PO10446,AWS,38541
2024-03-24,ABC India Pvt Ltd,India,CC4001,PC_Digital,600303,Consulting,Banking,Admin,PO10447,Oracle,43147
2024-03-31,ABC Tech Inc,India,CC4001,PC_Retail,600606,Travel,O2C,Operations,PO10448,Deloitte,17029
2024-05-12,ABC Tech Inc,USA,CC4001,PC_Retail,600404,Software,Payroll,Operations,PO10449,HSBC,18344
2024-03-16,ABC India Pvt Ltd,UK,CC1001,PC_B2B,600404,Cloud,Banking,Admin,PO10450,Adobe,19881
2024-06-02,ABC UK Ltd,UK,CC2001,PC_Digital,600303,Rent,Payroll,Sales,PO10451,KPMG,18170
2024-05-05,ABC Tech Inc,UK,CC1002,PC_Retail,600606,Rent,O2C,Sales,PO10452,Salesforce,3320
2024-01-05,ABC India Pvt Ltd,India,CC4001,PC_Retail,600101,Cloud,Payroll,HR,PO10453,Stripe,19537
2024-05-23,ABC Tech Inc,USA,CC1001,PC_B2B,600202,Travel,Banking,IT,PO10454,Meta,33589
2024-05-25,ABC Tech Inc,USA,CC4001,PC_Retail,600202,Consulting,O2C,Operations,PO10455,Oracle,20148
2024-01-03,ABC Tech Inc,UK,CC1001,PC_Retail,600606,Marketing,Payroll,Sales,PO10456,Stripe,15002
2024-05-07,ABC UK Ltd,UK,CC2001,PC_B2B,600101,Travel,Payroll,HR,PO10457,Adobe,25457
2024-03-05,ABC Tech Inc,UK,CC1001,PC_B2B,600505,Travel,Payroll,HR,PO10458,Stripe,7202
2024-06-27,ABC UK Ltd,India,CC3001,PC_Retail,600606,Consulting,O2C,Admin,PO10459,Google,27996
2024-02-24,ABC UK Ltd,India,CC1002,PC_B2B,600101,Marketing,Taxation,Sales,PO10460,HSBC,36328
2024-06-22,ABC UK Ltd,UK,CC3001,PC_Digital,600303,Software,O2C,Admin,PO10461,HSBC,37101
2024-03-26,ABC India Pvt Ltd,India,CC3001,PC_Digital,600505,Consulting,O2C,HR,PO10462,TCS,36574
2024-01-22,ABC India Pvt Ltd,UK,CC1001,PC_B2B,600202,Marketing,AP,IT,PO10463,Meta,4357
2024-04-23,ABC India Pvt Ltd,USA,CC4001,PC_B2B,600202,Marketing,Payroll,Sales,PO10464,TCS,47865
2024-06-18,ABC UK Ltd,India,CC1002,PC_Digital,600303,Consulting,Taxation,IT,PO10465,Stripe,36607
2024-04-10,ABC Tech Inc,UK,CC4001,PC_B2B,600505,Travel,Banking,Admin,PO10466,Google,5620
2024-05-30,ABC India Pvt Ltd,USA,CC1001,PC_B2B,600606,Cloud,O2C,Admin,PO10467,Meta,31061
2024-02-24,ABC UK Ltd,USA,CC3001,PC_Retail,600202,Rent,AP,Admin,PO10468,Microsoft,18726
2024-01-15,ABC UK Ltd,UK,CC3001,PC_Digital,600202,Rent,Payroll,Sales,PO10469,Meta,35145
2024-01-06,ABC Tech Inc,USA,CC4001,PC_B2B,600202,Cloud,AP,HR,PO10470,Salesforce,44963
2024-06-03,ABC UK Ltd,India,CC1001,PC_Retail,600202,Software,Banking,Admin,PO10471,KPMG,2049
2024-05-06,ABC Tech Inc,India,CC1001,PC_Digital,600202,Consulting,Taxation,Operations,PO10472,Infosys,45224
2024-05-07,ABC Tech Inc,USA,CC1002,PC_Retail,600303,Travel,Payroll,IT,PO10473,AWS,5189
2024-01-11,ABC India Pvt Ltd,UK,CC1001,PC_Retail,600303,Marketing,Banking,IT,PO10474,HSBC,3710
2024-01-26,ABC UK Ltd,USA,CC3001,PC_Retail,600505,Software,Payroll,Admin,PO10475,AWS,8927
2024-06-07,ABC UK Ltd,India,CC1001,PC_Retail,600606,Rent,Payroll,IT,PO10476,Microsoft,49540
2024-02-19,ABC India Pvt Ltd,USA,CC4001,PC_Digital,600505,Cloud,Payroll,HR,PO10477,SAP,39795
2024-03-10,ABC UK Ltd,UK,CC2001,PC_Digital,600303,Consulting,Payroll,Operations,PO10478,Microsoft,25699
2024-05-17,ABC India Pvt Ltd,USA,CC2001,PC_Retail,600101,Marketing,O2C,IT,PO10479,Salesforce,45390
2024-06-01,ABC Tech Inc,USA,CC2001,PC_Retail,600404,Rent,AP,Sales,PO10480,HSBC,32298
2024-04-30,ABC India Pvt Ltd,USA,CC1002,PC_B2B,600101,Marketing,Banking,Sales,PO10481,Meta,39268
2024-03-24,ABC Tech Inc,USA,CC4001,PC_Retail,600101,Travel,Taxation,Sales,PO10482,TCS,48212
2024-01-25,ABC Tech Inc,UK,CC2001,PC_Retail,600202,Software,Taxation,Sales,PO10483,Infosys,1367
2024-02-15,ABC Tech Inc,India,CC1002,PC_Digital,600505,Cloud,Taxation,IT,PO10484,Stripe,32667
2024-04-09,ABC Tech Inc,India,CC1002,PC_Retail,600202,Cloud,Payroll,Operations,PO10485,SAP,26468
2024-04-14,ABC Tech Inc,India,CC1001,PC_Retail,600505,Marketing,Taxation,Admin,PO10486,Microsoft,8180
2024-01-11,ABC UK Ltd,USA,CC1001,PC_B2B,600404,Software,O2C,IT,PO10487,HSBC,2476
2024-02-24,ABC Tech Inc,UK,CC1002,PC_Retail,600303,Consulting,O2C,Sales,PO10488,TCS,46108
2024-03-23,ABC India Pvt Ltd,USA,CC4001,PC_B2B,600606,Cloud,AP,Sales,PO10489,Accenture,41096
2024-01-28,ABC India Pvt Ltd,India,CC2001,PC_Digital,600101,Marketing,Banking,Sales,PO10490,Adobe,22060
2024-06-10,ABC India Pvt Ltd,USA,CC2001,PC_Digital,600505,Consulting,O2C,IT,PO10491,Deloitte,21739
2024-06-11,ABC Tech Inc,UK,CC1002,PC_Digital,600505,Consulting,Banking,Sales,PO10492,Microsoft,20318
2024-01-30,ABC Tech Inc,India,CC1001,PC_B2B,600404,Consulting,Payroll,HR,PO10493,TCS,25466
2024-04-30,ABC UK Ltd,UK,CC4001,PC_Digital,600303,Travel,Taxation,HR,PO10494,Meta,20001
2024-02-12,ABC Tech Inc,UK,CC3001,PC_Digital,600303,Marketing,Payroll,Sales,PO10495,Infosys,29987
2024-04-24,ABC UK Ltd,UK,CC1002,PC_B2B,600505,Consulting,O2C,Sales,PO10496,Stripe,20134
2024-02-08,ABC UK Ltd,USA,CC3001,PC_B2B,600101,Software,Banking,IT,PO10497,Google,42815
2024-06-12,ABC UK Ltd,UK,CC1001,PC_Retail,600101,Rent,Payroll,HR,PO10498,Meta,41343
2024-01-25,ABC UK Ltd,USA,CC2001,PC_Digital,600505,Travel,O2C,IT,PO10499,Accenture,9396
2024-01-17,ABC UK Ltd,UK,CC2001,PC_Digital,600404,Cloud,Banking,Sales,PO10500,KPMG,3924
2024-03-20,ABC UK Ltd,USA,CC1001,PC_B2B,600303,Consulting,AP,IT,PO10501,Accenture,32002
2024-04-18,ABC India Pvt Ltd,UK,CC2001,PC_Digital,600404,Marketing,Banking,Operations,PO10502,KPMG,32949
2024-06-29,ABC UK Ltd,India,CC4001,PC_Retail,600404,Cloud,O2C,Admin,PO10503,Stripe,18639
2024-06-26,ABC UK Ltd,India,CC1001,PC_Digital,600505,Consulting,Banking,Sales,PO10504,HSBC,43839
2024-06-01,ABC India Pvt Ltd,USA,CC2001,PC_Retail,600606,Cloud,Taxation,Sales,PO10505,Google,35169
2024-05-18,ABC UK Ltd,UK,CC3001,PC_Digital,600202,Rent,Taxation,Operations,PO10506,KPMG,45223
2024-06-13,ABC India Pvt Ltd,UK,CC4001,PC_Digital,600404,Software,O2C,Operations,PO10507,Accenture,45956
2024-01-23,ABC Tech Inc,USA,CC1001,PC_B2B,600404,Software,Banking,HR,PO10508,KPMG,24642
2024-04-03,ABC India Pvt Ltd,UK,CC1002,PC_Retail,600303,Cloud,Banking,Sales,PO10509,Stripe,5970
2024-03-05,ABC Tech Inc,USA,CC1001,PC_B2B,600606,Rent,Banking,HR,PO10510,Deloitte,31506
2024-04-14,ABC India Pvt Ltd,USA,CC3001,PC_Digital,600404,Cloud,Banking,HR,PO10511,Microsoft,1861
2024-05-26,ABC India Pvt Ltd,India,CC1001,PC_Retail,600404,Cloud,Banking,Admin,PO10512,KPMG,14032
2024-05-17,ABC India Pvt Ltd,USA,CC3001,PC_B2B,600505,Marketing,Taxation,Admin,PO10513,Microsoft,12124
2024-03-10,ABC India Pvt Ltd,USA,CC4001,PC_Retail,600303,Rent,AP,Sales,PO10514,Accenture,27998
2024-02-16,ABC India Pvt Ltd,India,CC1002,PC_B2B,600202,Travel,Banking,Admin,PO10515,Accenture,46043
2024-06-14,ABC UK Ltd,India,CC2001,PC_Digital,600202,Rent,Payroll,IT,PO10516,Infosys,3524
2024-03-01,ABC Tech Inc,UK,CC1001,PC_Retail,600606,Cloud,Taxation,HR,PO10517,SAP,18258
2024-02-08,ABC Tech Inc,India,CC3001,PC_B2B,600404,Consulting,AP,Operations,PO10518,SAP,32427
2024-05-19,ABC Tech Inc,USA,CC1001,PC_Retail,600101,Marketing,AP,Admin,PO10519,AWS,41941
2024-01-16,ABC India Pvt Ltd,UK,CC1001,PC_Retail,600303,Marketing,AP,Sales,PO10520,Deloitte,38306
2024-03-22,ABC UK Ltd,India,CC1001,PC_Digital,600101,Cloud,O2C,IT,PO10521,Stripe,24031
2024-04-07,ABC India Pvt Ltd,USA,CC4001,PC_Digital,600606,Cloud,Banking,Admin,PO10522,TCS,24277
2024-01-31,ABC UK Ltd,UK,CC1002,PC_Digital,600101,Marketing,Taxation,IT,PO10523,Deloitte,37718
2024-04-26,ABC Tech Inc,India,CC1001,PC_Digital,600101,Consulting,AP,Operations,PO10524,Salesforce,8353
2024-02-22,ABC UK Ltd,India,CC1002,PC_B2B,600101,Travel,Taxation,Sales,PO10525,SAP,3100
2024-05-17,ABC Tech Inc,USA,CC3001,PC_Retail,600606,Software,Banking,HR,PO10526,KPMG,29436
2024-04-13,ABC India Pvt Ltd,USA,CC3001,PC_B2B,600101,Cloud,Payroll,IT,PO10527,Stripe,28385
2024-04-27,ABC India Pvt Ltd,UK,CC2001,PC_Digital,600505,Cloud,AP,Admin,PO10528,Microsoft,25794
2024-03-30,ABC India Pvt Ltd,India,CC1001,PC_Retail,600505,Consulting,Payroll,Sales,PO10529,SAP,44198
2024-05-13,ABC Tech Inc,India,CC4001,PC_Digital,600303,Software,AP,IT,PO10530,Google,3174
2024-05-08,ABC India Pvt Ltd,UK,CC1002,PC_B2B,600505,Cloud,O2C,IT,PO10531,Accenture,9107
2024-03-05,ABC UK Ltd,India,CC2001,PC_Retail,600303,Cloud,Banking,Sales,PO10532,Infosys,32620
2024-04-08,ABC Tech Inc,USA,CC4001,PC_Digital,600404,Software,AP,HR,PO10533,Salesforce,28206
2024-04-16,ABC Tech Inc,UK,CC4001,PC_B2B,600404,Travel,Banking,Admin,PO10534,TCS,24211
2024-05-02,ABC UK Ltd,India,CC4001,PC_B2B,600303,Travel,AP,Operations,PO10535,HSBC,28200
2024-01-22,ABC UK Ltd,UK,CC1002,PC_Retail,600303,Rent,Payroll,Operations,PO10536,Infosys,17580
2024-02-28,ABC India Pvt Ltd,USA,CC2001,PC_Digital,600303,Consulting,Taxation,Admin,PO10537,Adobe,45715
2024-05-31,ABC UK Ltd,UK,CC4001,PC_Digital,600404,Consulting,O2C,Operations,PO10538,KPMG,41933
2024-03-25,ABC India Pvt Ltd,India,CC4001,PC_B2B,600505,Consulting,Taxation,HR,PO10539,HSBC,42592
2024-02-09,ABC Tech Inc,USA,CC3001,PC_Retail,600202,Cloud,Payroll,Operations,PO10540,AWS,40842
2024-02-13,ABC Tech Inc,India,CC3001,PC_Retail,600404,Marketing,Taxation,Operations,PO10541,Infosys,40792
2024-03-29,ABC Tech Inc,USA,CC1002,PC_Digital,600505,Software,Banking,IT,PO10542,TCS,42614
2024-02-08,ABC Tech Inc,UK,CC1001,PC_B2B,600303,Cloud,Payroll,IT,PO10543,Oracle,21557
2024-01-30,ABC Tech Inc,UK,CC2001,PC_B2B,600101,Rent,Taxation,Sales,PO10544,Meta,24067
2024-02-16,ABC UK Ltd,India,CC1001,PC_Retail,600505,Cloud,Payroll,Operations,PO10545,Oracle,22907
2024-06-02,ABC UK Ltd,India,CC3001,PC_Retail,600303,Consulting,O2C,Sales,PO10546,Google,23366
2024-05-27,ABC India Pvt Ltd,India,CC1001,PC_Digital,600606,Consulting,O2C,HR,PO10547,Google,49933
2024-03-05,ABC Tech Inc,India,CC2001,PC_Digital,600101,Consulting,Banking,Operations,PO10548,Adobe,40370
2024-02-11,ABC UK Ltd,UK,CC1002,PC_Retail,600606,Marketing,O2C,Operations,PO10549,HSBC,31842
2024-06-13,ABC Tech Inc,USA,CC1001,PC_Digital,600505,Software,AP,HR,PO10550,Google,40248
2024-06-08,ABC Tech Inc,India,CC1002,PC_B2B,600505,Consulting,O2C,IT,PO10551,HSBC,39725
2024-02-12,ABC India Pvt Ltd,USA,CC1001,PC_B2B,600202,Travel,Banking,IT,PO10552,HSBC,36425
2024-02-23,ABC UK Ltd,USA,CC3001,PC_Retail,600404,Marketing,Banking,IT,PO10553,Infosys,42713
2024-03-26,ABC India Pvt Ltd,UK,CC1002,PC_Digital,600505,Software,Taxation,Sales,PO10554,Salesforce,37528
2024-06-08,ABC UK Ltd,India,CC1001,PC_Digital,600606,Travel,Banking,IT,PO10555,Deloitte,26094
2024-03-21,ABC UK Ltd,USA,CC2001,PC_Digital,600505,Cloud,Banking,IT,PO10556,Accenture,47867
2024-04-06,ABC India Pvt Ltd,UK,CC2001,PC_Retail,600101,Marketing,O2C,IT,PO10557,AWS,23796
2024-01-08,ABC India Pvt Ltd,India,CC2001,PC_B2B,600505,Software,Payroll,Sales,PO10558,Oracle,24947
2024-05-13,ABC UK Ltd,USA,CC4001,PC_Digital,600404,Cloud,O2C,Sales,PO10559,KPMG,40263
2024-01-06,ABC India Pvt Ltd,UK,CC4001,PC_Digital,600202,Travel,AP,Admin,PO10560,Deloitte,43499
2024-02-21,ABC Tech Inc,UK,CC1002,PC_B2B,600505,Marketing,O2C,Sales,PO10561,Meta,18534
2024-03-09,ABC Tech Inc,UK,CC1002,PC_B2B,600303,Software,Payroll,HR,PO10562,Adobe,33890
2024-04-03,ABC India Pvt Ltd,USA,CC2001,PC_Retail,600404,Consulting,Banking,HR,PO10563,Deloitte,8605
2024-02-05,ABC UK Ltd,UK,CC4001,PC_Retail,600101,Travel,Taxation,Operations,PO10564,KPMG,46147
2024-01-26,ABC Tech Inc,UK,CC1002,PC_B2B,600606,Travel,O2C,Admin,PO10565,Accenture,26926
2024-03-22,ABC UK Ltd,UK,CC1001,PC_Digital,600202,Travel,Banking,Sales,PO10566,Meta,30475
2024-01-23,ABC Tech Inc,USA,CC4001,PC_Retail,600505,Cloud,Banking,Sales,PO10567,Meta,31635
2024-06-11,ABC Tech Inc,USA,CC4001,PC_Digital,600505,Consulting,Taxation,Operations,PO10568,AWS,45742
2024-01-20,ABC Tech Inc,USA,CC3001,PC_Digital,600303,Cloud,O2C,Admin,PO10569,HSBC,47737
2024-04-01,ABC UK Ltd,India,CC3001,PC_Retail,600202,Travel,AP,HR,PO10570,HSBC,38424
2024-04-06,ABC India Pvt Ltd,UK,CC1001,PC_Retail,600505,Rent,Payroll,Operations,PO10571,KPMG,40710
2024-01-01,ABC Tech Inc,USA,CC1002,PC_Retail,600606,Travel,Banking,IT,PO10572,SAP,33227
2024-02-04,ABC India Pvt Ltd,India,CC1002,PC_Digital,600303,Software,Taxation,HR,PO10573,Meta,20237
2024-06-06,ABC UK Ltd,UK,CC4001,PC_Retail,600303,Marketing,Payroll,Admin,PO10574,Adobe,39629
2024-05-29,ABC UK Ltd,USA,CC1002,PC_Retail,600505,Rent,AP,IT,PO10575,Google,38077
2024-05-02,ABC UK Ltd,India,CC1001,PC_Retail,600202,Consulting,O2C,IT,PO10576,SAP,15106
2024-04-04,ABC UK Ltd,USA,CC1002,PC_Retail,600101,Marketing,Banking,Operations,PO10577,Infosys,8363
2024-01-24,ABC Tech Inc,India,CC1002,PC_B2B,600101,Consulting,O2C,HR,PO10578,Stripe,2962
2024-06-23,ABC UK Ltd,UK,CC1001,PC_Retail,600101,Cloud,Banking,HR,PO10579,Microsoft,48507
2024-01-14,ABC Tech Inc,UK,CC3001,PC_Retail,600303,Cloud,Banking,HR,PO10580,Stripe,16698
2024-03-15,ABC India Pvt Ltd,India,CC2001,PC_B2B,600606,Cloud,O2C,Admin,PO10581,SAP,22140
2024-02-19,ABC UK Ltd,India,CC3001,PC_Retail,600101,Cloud,Payroll,Sales,PO10582,Adobe,45745
2024-05-01,ABC Tech Inc,India,CC1001,PC_Retail,600101,Marketing,O2C,Operations,PO10583,TCS,33468
2024-02-26,ABC UK Ltd,UK,CC1002,PC_B2B,600303,Software,O2C,Sales,PO10584,Adobe,37736
2024-01-01,ABC India Pvt Ltd,USA,CC4001,PC_Digital,600101,Cloud,O2C,HR,PO10585,HSBC,13220
2024-05-10,ABC India Pvt Ltd,India,CC2001,PC_Retail,600202,Cloud,AP,IT,PO10586,Accenture,39283
2024-06-09,ABC Tech Inc,USA,CC1002,PC_B2B,600606,Travel,Banking,Admin,PO10587,TCS,37380
2024-06-02,ABC Tech Inc,USA,CC3001,PC_Digital,600202,Rent,Banking,HR,PO10588,SAP,31651
2024-02-16,ABC UK Ltd,UK,CC4001,PC_Digital,600101,Software,Banking,HR,PO10589,Microsoft,2741
2024-01-13,ABC Tech Inc,India,CC1001,PC_B2B,600606,Travel,AP,HR,PO10590,Stripe,49239
2024-04-29,ABC Tech Inc,USA,CC3001,PC_Retail,600505,Rent,Banking,Operations,PO10591,Oracle,10810
2024-04-17,ABC Tech Inc,India,CC2001,PC_B2B,600202,Cloud,Payroll,HR,PO10592,Infosys,47126
2024-03-07,ABC Tech Inc,UK,CC1002,PC_Digital,600606,Consulting,Payroll,IT,PO10593,TCS,49973
2024-02-06,ABC UK Ltd,India,CC3001,PC_Digital,600202,Cloud,O2C,Operations,PO10594,Stripe,33554
2024-06-02,ABC India Pvt Ltd,USA,CC2001,PC_Digital,600404,Marketing,O2C,Sales,PO10595,HSBC,32902
2024-01-17,ABC India Pvt Ltd,USA,CC2001,PC_Digital,600505,Software,Payroll,IT,PO10596,AWS,46863
2024-02-08,ABC Tech Inc,USA,CC3001,PC_Retail,600404,Travel,Payroll,Operations,PO10597,Infosys,31260
2024-06-10,ABC India Pvt Ltd,UK,CC1001,PC_B2B,600404,Rent,AP,Admin,PO10598,HSBC,40615
2024-03-01,ABC India Pvt Ltd,UK,CC2001,PC_B2B,600505,Consulting,Payroll,Admin,PO10599,Microsoft,31633
2024-03-28,ABC India Pvt Ltd,India,CC4001,PC_Digital,600101,Marketing,AP,Sales,PO10600,Stripe,46808
2024-05-03,ABC India Pvt Ltd,USA,CC1001,PC_Retail,600303,Marketing,Payroll,IT,PO10601,Adobe,8512
2024-06-27,ABC India Pvt Ltd,USA,CC3001,PC_B2B,600606,Consulting,Taxation,Operations,PO10602,HSBC,36258
2024-05-09,ABC India Pvt Ltd,USA,CC4001,PC_Digital,600606,Software,Taxation,IT,PO10603,Meta,49026
2024-01-27,ABC India Pvt Ltd,USA,CC1002,PC_Digital,600202,Rent,O2C,IT,PO10604,Salesforce,34134
2024-04-18,ABC Tech Inc,UK,CC3001,PC_B2B,600101,Travel,Banking,Operations,PO10605,Salesforce,42774
2024-06-26,ABC India Pvt Ltd,USA,CC2001,PC_B2B,600303,Software,Banking,Admin,PO10606,Deloitte,29953
2024-02-22,ABC UK Ltd,USA,CC4001,PC_Digital,600606,Consulting,Banking,IT,PO10607,AWS,48746
2024-06-11,ABC Tech Inc,India,CC1002,PC_Digital,600101,Marketing,Taxation,Admin,PO10608,SAP,45808
2024-03-06,ABC Tech Inc,UK,CC2001,PC_B2B,600202,Consulting,Payroll,Operations,PO10609,Deloitte,8303
2024-03-15,ABC Tech Inc,India,CC1001,PC_B2B,600202,Software,Banking,Sales,PO10610,Google,29817
2024-01-14,ABC India Pvt Ltd,UK,CC1002,PC_B2B,600404,Cloud,Banking,Sales,PO10611,Stripe,34534
2024-04-14,ABC India Pvt Ltd,UK,CC4001,PC_Retail,600202,Consulting,AP,Sales,PO10612,Infosys,25963
2024-03-09,ABC India Pvt Ltd,USA,CC1002,PC_Retail,600303,Rent,O2C,Operations,PO10613,AWS,9610
2024-03-28,ABC UK Ltd,UK,CC2001,PC_B2B,600404,Marketing,Banking,Sales,PO10614,Accenture,15955
2024-06-26,ABC Tech Inc,UK,CC3001,PC_Digital,600404,Software,Payroll,IT,PO10615,Salesforce,47120
2024-04-21,ABC Tech Inc,USA,CC1002,PC_Retail,600202,Travel,O2C,Admin,PO10616,Stripe,13145
2024-01-07,ABC UK Ltd,UK,CC1002,PC_Retail,600606,Marketing,AP,Sales,PO10617,Accenture,1732
2024-03-02,ABC India Pvt Ltd,USA,CC4001,PC_Retail,600606,Travel,AP,HR,PO10618,Adobe,31743
2024-05-23,ABC Tech Inc,India,CC1001,PC_B2B,600303,Travel,Payroll,Operations,PO10619,Adobe,49722
2024-02-02,ABC UK Ltd,USA,CC3001,PC_Digital,600303,Consulting,Taxation,Sales,PO10620,SAP,22828
2024-06-11,ABC UK Ltd,UK,CC1001,PC_Digital,600303,Software,Taxation,Operations,PO10621,Deloitte,14644
2024-05-28,ABC Tech Inc,UK,CC4001,PC_Retail,600101,Consulting,AP,Admin,PO10622,HSBC,5017
2024-01-14,ABC India Pvt Ltd,UK,CC2001,PC_B2B,600505,Cloud,Taxation,IT,PO10623,Oracle,18333
2024-05-14,ABC India Pvt Ltd,UK,CC2001,PC_Digital,600101,Consulting,Payroll,HR,PO10624,Stripe,26377
2024-06-01,ABC India Pvt Ltd,India,CC1001,PC_Digital,600505,Marketing,Taxation,Operations,PO10625,Stripe,8029
2024-06-10,ABC India Pvt Ltd,USA,CC3001,PC_Digital,600505,Travel,Payroll,IT,PO10626,Microsoft,36705
2024-06-15,ABC Tech Inc,USA,CC4001,PC_Retail,600505,Cloud,Taxation,IT,PO10627,HSBC,7697
2024-04-13,ABC UK Ltd,USA,CC1001,PC_Retail,600101,Cloud,Taxation,HR,PO10628,Meta,2225
2024-05-18,ABC India Pvt Ltd,India,CC1001,PC_B2B,600606,Travel,AP,Admin,PO10629,Microsoft,9855
2024-04-01,ABC UK Ltd,UK,CC1002,PC_Retail,600505,Marketing,O2C,Admin,PO10630,Microsoft,2238
2024-04-17,ABC Tech Inc,USA,CC1001,PC_B2B,600404,Travel,AP,Operations,PO10631,Accenture,29852
2024-01-14,ABC UK Ltd,USA,CC1002,PC_B2B,600303,Marketing,AP,Sales,PO10632,Oracle,34615
2024-02-05,ABC Tech Inc,UK,CC4001,PC_Retail,600404,Travel,Banking,IT,PO10633,Salesforce,14001
2024-02-17,ABC UK Ltd,UK,CC1002,PC_Digital,600101,Cloud,Banking,IT,PO10634,Deloitte,48553
2024-05-13,ABC UK Ltd,USA,CC4001,PC_Retail,600202,Rent,AP,Sales,PO10635,Accenture,43354
2024-05-27,ABC India Pvt Ltd,UK,CC3001,PC_Digital,600606,Travel,Payroll,Sales,PO10636,Accenture,22061
2024-06-10,ABC India Pvt Ltd,UK,CC3001,PC_Retail,600303,Marketing,O2C,Admin,PO10637,Meta,19372
2024-06-01,ABC UK Ltd,India,CC3001,PC_Digital,600404,Rent,O2C,IT,PO10638,Microsoft,3833
2024-04-16,ABC Tech Inc,India,CC3001,PC_Digital,600606,Rent,AP,Admin,PO10639,KPMG,40951
2024-05-05,ABC Tech Inc,USA,CC2001,PC_Retail,600303,Cloud,AP,Operations,PO10640,Stripe,23882
2024-04-11,ABC Tech Inc,India,CC1002,PC_Digital,600101,Software,Payroll,IT,PO10641,AWS,8334
2024-04-03,ABC UK Ltd,USA,CC2001,PC_B2B,600303,Consulting,AP,Operations,PO10642,Infosys,1494
2024-01-19,ABC Tech Inc,USA,CC1002,PC_B2B,600606,Consulting,Payroll,IT,PO10643,Stripe,11430
2024-01-25,ABC UK Ltd,India,CC3001,PC_Retail,600404,Consulting,AP,Operations,PO10644,Google,9177
2024-06-21,ABC Tech Inc,India,CC1001,PC_Retail,600303,Travel,Banking,IT,PO10645,Deloitte,14797
2024-03-24,ABC UK Ltd,India,CC3001,PC_B2B,600606,Consulting,AP,IT,PO10646,Deloitte,27181
2024-02-10,ABC UK Ltd,India,CC2001,PC_Retail,600505,Cloud,Banking,Operations,PO10647,Adobe,9245
2024-01-28,ABC UK Ltd,USA,CC3001,PC_B2B,600101,Software,Taxation,HR,PO10648,Salesforce,31238
2024-02-12,ABC Tech Inc,USA,CC2001,PC_Retail,600404,Marketing,Taxation,HR,PO10649,Stripe,41631
2024-02-09,ABC UK Ltd,UK,CC1002,PC_Digital,600303,Travel,Banking,Admin,PO10650,Adobe,21093
2024-04-11,ABC India Pvt Ltd,USA,CC1002,PC_Retail,600202,Software,Banking,Admin,PO10651,Meta,16980
2024-04-19,ABC India Pvt Ltd,USA,CC2001,PC_Digital,600202,Software,Taxation,HR,PO10652,Infosys,10388
2024-03-06,ABC UK Ltd,UK,CC2001,PC_B2B,600505,Travel,O2C,IT,PO10653,Adobe,11664
2024-05-29,ABC India Pvt Ltd,USA,CC3001,PC_Retail,600505,Consulting,O2C,HR,PO10654,TCS,15528
2024-02-18,ABC Tech Inc,USA,CC1001,PC_Digital,600505,Cloud,Banking,IT,PO10655,Oracle,44178
2024-06-21,ABC UK Ltd,India,CC1001,PC_Retail,600404,Software,Taxation,Operations,PO10656,Deloitte,39799
2024-03-22,ABC Tech Inc,UK,CC2001,PC_Digital,600505,Marketing,Payroll,Sales,PO10657,Accenture,18817
2024-05-19,ABC India Pvt Ltd,UK,CC1001,PC_Retail,600606,Software,Taxation,Operations,PO10658,Deloitte,29949
2024-03-02,ABC Tech Inc,USA,CC1002,PC_B2B,600505,Travel,Banking,Operations,PO10659,Microsoft,40736
2024-06-16,ABC UK Ltd,USA,CC1001,PC_B2B,600202,Cloud,Banking,IT,PO10660,Deloitte,8626
2024-05-13,ABC Tech Inc,India,CC4001,PC_B2B,600404,Cloud,Taxation,HR,PO10661,Oracle,8952
2024-04-27,ABC Tech Inc,India,CC2001,PC_B2B,600303,Rent,Payroll,IT,PO10662,Adobe,38168
2024-01-15,ABC India Pvt Ltd,UK,CC1001,PC_Digital,600303,Consulting,AP,Admin,PO10663,AWS,41178
2024-05-14,ABC India Pvt Ltd,India,CC1001,PC_B2B,600505,Marketing,AP,IT,PO10664,Infosys,33428
2024-04-27,ABC Tech Inc,USA,CC1002,PC_Digital,600202,Rent,O2C,HR,PO10665,AWS,25590
2024-05-03,ABC Tech Inc,India,CC1001,PC_Digital,600404,Marketing,Taxation,IT,PO10666,TCS,49026
2024-01-15,ABC UK Ltd,UK,CC1001,PC_B2B,600101,Travel,Payroll,HR,PO10667,Infosys,24493
2024-01-13,ABC UK Ltd,USA,CC3001,PC_Digital,600202,Marketing,Banking,Operations,PO10668,Microsoft,27990
2024-04-06,ABC India Pvt Ltd,USA,CC2001,PC_Digital,600202,Cloud,O2C,HR,PO10669,Google,45672
2024-03-20,ABC Tech Inc,USA,CC3001,PC_Retail,600303,Travel,O2C,Sales,PO10670,Meta,24625
2024-05-28,ABC Tech Inc,UK,CC2001,PC_B2B,600101,Software,AP,IT,PO10671,HSBC,21751
2024-02-14,ABC India Pvt Ltd,India,CC1001,PC_Retail,600101,Marketing,Payroll,Admin,PO10672,Meta,37652
2024-01-31,ABC UK Ltd,India,CC3001,PC_B2B,600606,Software,Banking,HR,PO10673,Microsoft,40986
2024-01-05,ABC India Pvt Ltd,USA,CC1002,PC_B2B,600505,Software,Payroll,HR,PO10674,Oracle,19146
2024-02-12,ABC India Pvt Ltd,UK,CC1001,PC_B2B,600303,Travel,AP,Admin,PO10675,Deloitte,15431
2024-02-10,ABC UK Ltd,UK,CC4001,PC_Retail,600505,Consulting,AP,IT,PO10676,Meta,28698
2024-05-12,ABC Tech Inc,UK,CC2001,PC_B2B,600303,Consulting,O2C,Operations,PO10677,KPMG,26264
2024-04-20,ABC Tech Inc,USA,CC2001,PC_Retail,600101,Marketing,Payroll,Admin,PO10678,Infosys,13998
2024-05-02,ABC UK Ltd,USA,CC3001,PC_Retail,600606,Software,AP,Admin,PO10679,KPMG,48501
2024-06-27,ABC UK Ltd,India,CC2001,PC_Digital,600505,Marketing,Banking,Operations,PO10680,SAP,2412
2024-04-30,ABC India Pvt Ltd,USA,CC1002,PC_B2B,600404,Travel,Banking,Admin,PO10681,Deloitte,47544
2024-05-07,ABC Tech Inc,India,CC1002,PC_Retail,600202,Consulting,O2C,HR,PO10682,Salesforce,30951
2024-01-03,ABC Tech Inc,UK,CC3001,PC_Retail,600101,Consulting,Payroll,IT,PO10683,AWS,35540
2024-06-29,ABC Tech Inc,USA,CC4001,PC_B2B,600202,Rent,AP,IT,PO10684,SAP,48117
2024-03-22,ABC India Pvt Ltd,USA,CC3001,PC_Digital,600202,Travel,Banking,Sales,PO10685,AWS,18230
2024-05-17,ABC India Pvt Ltd,USA,CC2001,PC_Digital,600303,Rent,O2C,Operations,PO10686,TCS,43549
2024-03-10,ABC UK Ltd,India,CC2001,PC_B2B,600505,Travel,AP,Operations,PO10687,Infosys,39745
2024-05-24,ABC UK Ltd,UK,CC3001,PC_Digital,600202,Software,O2C,Sales,PO10688,Google,48936
2024-05-14,ABC India Pvt Ltd,USA,CC1002,PC_B2B,600404,Software,AP,Admin,PO10689,TCS,8175
2024-02-15,ABC India Pvt Ltd,UK,CC3001,PC_Digital,600404,Rent,O2C,Operations,PO10690,HSBC,32929
2024-06-27,ABC UK Ltd,India,CC1002,PC_B2B,600303,Cloud,O2C,Admin,PO10691,Adobe,37093
2024-05-14,ABC UK Ltd,India,CC1001,PC_Digital,600101,Software,Taxation,Admin,PO10692,Deloitte,41727
2024-05-30,ABC India Pvt Ltd,UK,CC4001,PC_B2B,600404,Rent,AP,Admin,PO10693,HSBC,22154
2024-04-29,ABC Tech Inc,USA,CC1001,PC_Retail,600303,Cloud,AP,Admin,PO10694,AWS,31655
2024-06-10,ABC Tech Inc,UK,CC1002,PC_Retail,600101,Software,O2C,Sales,PO10695,Deloitte,14025
2024-01-08,ABC India Pvt Ltd,UK,CC1001,PC_B2B,600303,Consulting,Taxation,Admin,PO10696,HSBC,34568
2024-06-08,ABC India Pvt Ltd,India,CC1001,PC_Retail,600202,Rent,O2C,Operations,PO10697,Google,15129
2024-01-01,ABC Tech Inc,India,CC1002,PC_Digital,600606,Travel,Payroll,HR,PO10698,Deloitte,13432
2024-06-27,ABC UK Ltd,UK,CC1002,PC_Digital,600303,Travel,Taxation,Sales,PO10699,Oracle,22821
2024-06-16,ABC Tech Inc,India,CC1002,PC_Retail,600101,Consulting,Banking,Admin,PO10700,Salesforce,19406
2024-02-04,ABC UK Ltd,UK,CC1001,PC_Retail,600404,Rent,Payroll,Sales,PO10701,Oracle,12701
2024-02-20,ABC Tech Inc,USA,CC2001,PC_Retail,600606,Travel,AP,IT,PO10702,Oracle,8893
2024-06-02,ABC UK Ltd,UK,CC4001,PC_B2B,600505,Cloud,AP,HR,PO10703,TCS,30933
2024-02-21,ABC UK Ltd,USA,CC1001,PC_Digital,600505,Consulting,O2C,IT,PO10704,Salesforce,37576
2024-02-27,ABC UK Ltd,India,CC4001,PC_Retail,600303,Travel,AP,IT,PO10705,Google,19536
2024-06-10,ABC Tech Inc,USA,CC2001,PC_Retail,600101,Cloud,Banking,Operations,PO10706,Microsoft,40767
2024-02-29,ABC Tech Inc,UK,CC1001,PC_Retail,600202,Travel,AP,Admin,PO10707,Google,8610
2024-05-19,ABC India Pvt Ltd,UK,CC3001,PC_B2B,600101,Cloud,Banking,HR,PO10708,AWS,6496
2024-03-02,ABC UK Ltd,UK,CC3001,PC_B2B,600202,Marketing,Taxation,Admin,PO10709,Infosys,18858
2024-06-05,ABC Tech Inc,UK,CC3001,PC_Digital,600202,Software,Taxation,Admin,PO10710,Google,28430
2024-02-26,ABC UK Ltd,USA,CC1002,PC_Digital,600404,Cloud,Banking,IT,PO10711,SAP,27053
2024-03-11,ABC India Pvt Ltd,India,CC2001,PC_Digital,600303,Consulting,AP,Sales,PO10712,HSBC,2370
2024-03-07,ABC UK Ltd,USA,CC1001,PC_B2B,600202,Rent,Taxation,Sales,PO10713,Adobe,2608
2024-05-21,ABC UK Ltd,UK,CC1001,PC_Retail,600303,Software,O2C,Sales,PO10714,Meta,25140
2024-05-20,ABC India Pvt Ltd,UK,CC1001,PC_Digital,600606,Rent,Banking,Operations,PO10715,Accenture,36111
2024-06-08,ABC UK Ltd,India,CC1002,PC_Digital,600606,Rent,Payroll,IT,PO10716,Infosys,25254
2024-01-16,ABC India Pvt Ltd,UK,CC3001,PC_Retail,600606,Software,O2C,HR,PO10717,Microsoft,21251
2024-01-16,ABC India Pvt Ltd,USA,CC3001,PC_Digital,600101,Consulting,AP,Operations,PO10718,Deloitte,30145
2024-02-12,ABC India Pvt Ltd,USA,CC1002,PC_Digital,600505,Travel,AP,Operations,PO10719,AWS,15063
2024-01-13,ABC UK Ltd,India,CC2001,PC_Retail,600101,Marketing,Payroll,Sales,PO10720,Accenture,37247
2024-03-19,ABC UK Ltd,USA,CC3001,PC_Retail,600101,Rent,Taxation,Sales,PO10721,Google,49367
2024-06-06,ABC Tech Inc,USA,CC4001,PC_Retail,600202,Travel,Taxation,HR,PO10722,KPMG,39879
2024-05-18,ABC UK Ltd,UK,CC1002,PC_Retail,600303,Consulting,O2C,Operations,PO10723,AWS,45210
2024-01-23,ABC India Pvt Ltd,UK,CC4001,PC_Digital,600202,Cloud,AP,IT,PO10724,Adobe,35345
2024-01-24,ABC Tech Inc,India,CC3001,PC_Digital,600202,Consulting,AP,IT,PO10725,Adobe,4824
2024-05-24,ABC UK Ltd,UK,CC4001,PC_Digital,600606,Cloud,O2C,IT,PO10726,SAP,37223
2024-02-11,ABC Tech Inc,UK,CC1002,PC_B2B,600505,Marketing,Taxation,Admin,PO10727,KPMG,23280
2024-03-16,ABC India Pvt Ltd,India,CC1001,PC_Digital,600404,Consulting,Taxation,Operations,PO10728,Deloitte,17806
2024-01-19,ABC India Pvt Ltd,UK,CC1002,PC_B2B,600202,Marketing,Taxation,IT,PO10729,Adobe,42204
2024-04-29,ABC India Pvt Ltd,USA,CC1002,PC_B2B,600202,Software,Taxation,Sales,PO10730,Google,16531
2024-01-15,ABC UK Ltd,USA,CC1001,PC_B2B,600404,Rent,AP,IT,PO10731,Meta,49228
2024-02-01,ABC UK Ltd,USA,CC2001,PC_Retail,600202,Consulting,Banking,HR,PO10732,AWS,34975
2024-03-28,ABC India Pvt Ltd,UK,CC4001,PC_B2B,600505,Travel,AP,IT,PO10733,Adobe,44381
2024-06-13,ABC Tech Inc,UK,CC1002,PC_Digital,600101,Software,O2C,Operations,PO10734,AWS,16917
2024-03-06,ABC India Pvt Ltd,USA,CC2001,PC_Digital,600606,Cloud,Payroll,Admin,PO10735,Stripe,27859
2024-04-22,ABC UK Ltd,UK,CC2001,PC_B2B,600202,Travel,Banking,Operations,PO10736,TCS,25546
2024-05-25,ABC UK Ltd,USA,CC1001,PC_Retail,600202,Software,AP,Sales,PO10737,Deloitte,1249
2024-01-27,ABC India Pvt Ltd,India,CC2001,PC_Digital,600606,Cloud,O2C,IT,PO10738,Meta,18706
2024-06-26,ABC UK Ltd,USA,CC1002,PC_Digital,600202,Travel,Payroll,IT,PO10739,HSBC,13212
2024-05-27,ABC UK Ltd,UK,CC1001,PC_B2B,600606,Travel,Taxation,IT,PO10740,AWS,3439
2024-02-09,ABC Tech Inc,UK,CC3001,PC_B2B,600202,Software,Banking,HR,PO10741,Google,25071
2024-06-25,ABC Tech Inc,India,CC3001,PC_Digital,600404,Software,Payroll,HR,PO10742,Stripe,5155
2024-01-07,ABC Tech Inc,India,CC4001,PC_Retail,600606,Consulting,Taxation,IT,PO10743,Microsoft,4550
2024-02-15,ABC India Pvt Ltd,India,CC2001,PC_Retail,600303,Travel,Payroll,Operations,PO10744,AWS,23590
2024-02-01,ABC UK Ltd,USA,CC2001,PC_Digital,600202,Consulting,Banking,Operations,PO10745,Oracle,42348
2024-05-05,ABC Tech Inc,USA,CC1001,PC_B2B,600202,Marketing,AP,IT,PO10746,Adobe,9443
2024-01-06,ABC Tech Inc,UK,CC1001,PC_B2B,600303,Cloud,AP,Admin,PO10747,Oracle,35026
2024-04-20,ABC UK Ltd,USA,CC1002,PC_Retail,600606,Consulting,O2C,IT,PO10748,Adobe,41520
2024-03-06,ABC India Pvt Ltd,USA,CC4001,PC_Digital,600202,Consulting,Banking,IT,PO10749,TCS,33705
2024-01-01,ABC India Pvt Ltd,UK,CC4001,PC_Digital,600606,Travel,Banking,Operations,PO10750,AWS,13550
2024-02-15,ABC Tech Inc,India,CC2001,PC_Digital,600303,Marketing,Banking,Operations,PO10751,SAP,37840
2024-01-23,ABC Tech Inc,USA,CC2001,PC_B2B,600505,Cloud,AP,Sales,PO10752,TCS,15094
2024-01-25,ABC India Pvt Ltd,UK,CC1002,PC_Digital,600606,Travel,Payroll,Operations,PO10753,Oracle,9349
2024-04-07,ABC UK Ltd,UK,CC4001,PC_Retail,600606,Consulting,Payroll,Sales,PO10754,Microsoft,33768
2024-06-11,ABC UK Ltd,UK,CC3001,PC_B2B,600505,Consulting,Taxation,Sales,PO10755,TCS,19101
2024-05-21,ABC Tech Inc,UK,CC1002,PC_Retail,600202,Rent,AP,HR,PO10756,HSBC,33232
2024-02-27,ABC UK Ltd,India,CC2001,PC_Digital,600404,Software,AP,Sales,PO10757,Adobe,15216
2024-05-09,ABC India Pvt Ltd,USA,CC1002,PC_B2B,600303,Cloud,Taxation,Sales,PO10758,KPMG,16540
2024-04-24,ABC Tech Inc,India,CC4001,PC_B2B,600505,Marketing,Banking,IT,PO10759,Oracle,47453
2024-04-18,ABC India Pvt Ltd,UK,CC1001,PC_Retail,600606,Rent,O2C,HR,PO10760,Adobe,32046
2024-06-16,ABC UK Ltd,UK,CC1001,PC_B2B,600606,Rent,Payroll,Operations,PO10761,SAP,31359
2024-03-12,ABC Tech Inc,UK,CC1001,PC_Retail,600202,Marketing,Taxation,Admin,PO10762,Deloitte,18508
2024-03-02,ABC India Pvt Ltd,India,CC4001,PC_Digital,600505,Cloud,AP,Sales,PO10763,AWS,42376
2024-06-25,ABC Tech Inc,USA,CC3001,PC_Retail,600606,Marketing,Banking,Admin,PO10764,Adobe,31274
2024-01-18,ABC UK Ltd,USA,CC1002,PC_Digital,600303,Consulting,AP,Sales,PO10765,SAP,46951
2024-04-25,ABC India Pvt Ltd,USA,CC4001,PC_B2B,600303,Software,Banking,IT,PO10766,SAP,37223
2024-05-24,ABC Tech Inc,USA,CC1002,PC_Retail,600202,Software,O2C,Sales,PO10767,HSBC,36779
2024-06-07,ABC UK Ltd,USA,CC4001,PC_B2B,600303,Marketing,Taxation,Operations,PO10768,KPMG,21270
2024-04-23,ABC UK Ltd,India,CC2001,PC_Digital,600101,Cloud,O2C,HR,PO10769,Infosys,36765
2024-01-30,ABC India Pvt Ltd,UK,CC2001,PC_Retail,600303,Marketing,AP,IT,PO10770,Salesforce,29811
2024-04-04,ABC Tech Inc,India,CC2001,PC_B2B,600606,Consulting,Banking,Admin,PO10771,SAP,38245
2024-01-05,ABC Tech Inc,UK,CC3001,PC_Digital,600101,Travel,Payroll,Admin,PO10772,Salesforce,13187
2024-06-07,ABC India Pvt Ltd,India,CC3001,PC_Digital,600404,Travel,Banking,Admin,PO10773,Salesforce,22412
2024-04-30,ABC UK Ltd,UK,CC3001,PC_B2B,600505,Software,O2C,HR,PO10774,Google,16182
2024-04-24,ABC Tech Inc,UK,CC1001,PC_B2B,600404,Rent,O2C,Sales,PO10775,TCS,6256
2024-02-20,ABC India Pvt Ltd,USA,CC1001,PC_Retail,600505,Consulting,O2C,HR,PO10776,KPMG,33606
2024-04-06,ABC UK Ltd,UK,CC3001,PC_Digital,600202,Software,Taxation,Operations,PO10777,Adobe,20878
2024-04-30,ABC India Pvt Ltd,UK,CC1001,PC_Digital,600404,Consulting,Taxation,Sales,PO10778,KPMG,45819
2024-03-15,ABC UK Ltd,USA,CC4001,PC_Retail,600101,Consulting,AP,Operations,PO10779,Accenture,19414
2024-03-11,ABC UK Ltd,India,CC4001,PC_Retail,600404,Travel,Payroll,HR,PO10780,KPMG,33718
2024-01-08,ABC UK Ltd,USA,CC1002,PC_B2B,600303,Cloud,Banking,HR,PO10781,KPMG,41061
2024-02-02,ABC India Pvt Ltd,India,CC1001,PC_Retail,600404,Rent,Payroll,Admin,PO10782,Infosys,2291
2024-02-06,ABC Tech Inc,UK,CC1002,PC_B2B,600404,Travel,Payroll,Operations,PO10783,SAP,18099
2024-04-28,ABC India Pvt Ltd,UK,CC1002,PC_B2B,600404,Rent,Banking,HR,PO10784,Meta,34654
2024-06-06,ABC India Pvt Ltd,India,CC1002,PC_B2B,600101,Rent,O2C,HR,PO10785,Google,44264
2024-02-23,ABC India Pvt Ltd,USA,CC1001,PC_Digital,600101,Travel,Taxation,IT,PO10786,TCS,29150
2024-02-22,ABC UK Ltd,UK,CC1001,PC_Digital,600101,Travel,Payroll,Admin,PO10787,Adobe,32316
2024-03-27,ABC UK Ltd,USA,CC1002,PC_Digital,600303,Travel,Payroll,Sales,PO10788,HSBC,4902
2024-01-11,ABC Tech Inc,UK,CC2001,PC_Digital,600101,Rent,Taxation,Admin,PO10789,Meta,34003
2024-03-01,ABC India Pvt Ltd,India,CC2001,PC_Retail,600505,Marketing,O2C,HR,PO10790,Deloitte,39216
2024-02-29,ABC India Pvt Ltd,India,CC1001,PC_Digital,600505,Travel,Payroll,Operations,PO10791,KPMG,22941
2024-05-12,ABC Tech Inc,India,CC1001,PC_Retail,600101,Consulting,Taxation,IT,PO10792,Oracle,17511
2024-02-09,ABC UK Ltd,UK,CC2001,PC_B2B,600202,Travel,O2C,Sales,PO10793,HSBC,18950
2024-01-07,ABC India Pvt Ltd,India,CC1001,PC_Digital,600202,Marketing,O2C,Sales,PO10794,SAP,26642
2024-05-10,ABC Tech Inc,USA,CC3001,PC_B2B,600303,Travel,Banking,HR,PO10795,Deloitte,8285
2024-02-05,ABC India Pvt Ltd,USA,CC1001,PC_Retail,600101,Cloud,O2C,Admin,PO10796,HSBC,1473
2024-05-30,ABC Tech Inc,India,CC2001,PC_Retail,600303,Rent,Payroll,Sales,PO10797,Deloitte,20705
2024-05-22,ABC India Pvt Ltd,USA,CC1001,PC_Retail,600202,Marketing,Payroll,HR,PO10798,AWS,34096
2024-03-17,ABC UK Ltd,USA,CC1002,PC_Digital,600404,Cloud,AP,Sales,PO10799,AWS,26115
2024-01-11,ABC India Pvt Ltd,USA,CC1001,PC_B2B,600404,Marketing,AP,Admin,PO10800,SAP,40860
2024-01-12,ABC Tech Inc,UK,CC3001,PC_B2B,600303,Travel,O2C,Operations,PO10801,TCS,26274
2024-04-22,ABC India Pvt Ltd,India,CC2001,PC_Retail,600101,Marketing,Taxation,Admin,PO10802,Microsoft,43190
2024-01-13,ABC UK Ltd,USA,CC2001,PC_Digital,600202,Rent,Payroll,Sales,PO10803,Salesforce,40541
2024-05-05,ABC India Pvt Ltd,USA,CC3001,PC_Digital,600202,Travel,O2C,HR,PO10804,Adobe,14768
2024-02-19,ABC Tech Inc,UK,CC3001,PC_Retail,600505,Cloud,Banking,IT,PO10805,Microsoft,47286
2024-02-15,ABC Tech Inc,UK,CC1002,PC_Digital,600202,Consulting,Payroll,Operations,PO10806,Stripe,37423
2024-02-02,ABC Tech Inc,UK,CC2001,PC_Digital,600606,Consulting,Banking,IT,PO10807,Accenture,42668
2024-01-17,ABC India Pvt Ltd,India,CC2001,PC_Digital,600505,Cloud,Payroll,IT,PO10808,Salesforce,35681
2024-05-02,ABC Tech Inc,India,CC3001,PC_B2B,600303,Marketing,Taxation,Admin,PO10809,Oracle,49492
2024-06-02,ABC India Pvt Ltd,USA,CC3001,PC_B2B,600202,Marketing,O2C,IT,PO10810,Stripe,16393
2024-04-13,ABC India Pvt Ltd,UK,CC2001,PC_Digital,600101,Software,O2C,IT,PO10811,Deloitte,9022
2024-06-11,ABC UK Ltd,India,CC2001,PC_B2B,600303,Rent,O2C,HR,PO10812,HSBC,37899
2024-03-26,ABC UK Ltd,USA,CC2001,PC_B2B,600303,Software,Taxation,Admin,PO10813,Meta,38513
2024-05-05,ABC Tech Inc,USA,CC4001,PC_B2B,600303,Travel,Banking,HR,PO10814,TCS,23602
2024-04-16,ABC Tech Inc,India,CC1002,PC_Retail,600101,Software,Banking,HR,PO10815,Google,13274
2024-03-16,ABC India Pvt Ltd,USA,CC4001,PC_Digital,600202,Rent,AP,Operations,PO10816,Microsoft,44399
2024-01-16,ABC Tech Inc,UK,CC1001,PC_Digital,600303,Rent,AP,Sales,PO10817,Oracle,15845
2024-02-23,ABC Tech Inc,USA,CC4001,PC_Retail,600101,Rent,Banking,Admin,PO10818,Accenture,24587
2024-01-31,ABC India Pvt Ltd,USA,CC2001,PC_Digital,600404,Cloud,Taxation,IT,PO10819,Infosys,13850
2024-01-24,ABC India Pvt Ltd,USA,CC4001,PC_Digital,600505,Software,O2C,Admin,PO10820,Accenture,30773
2024-06-06,ABC Tech Inc,UK,CC1002,PC_Digital,600606,Software,Payroll,HR,PO10821,Meta,17098
2024-01-01,ABC UK Ltd,USA,CC4001,PC_Retail,600303,Cloud,AP,Operations,PO10822,Adobe,23825
2024-04-11,ABC Tech Inc,UK,CC1002,PC_Retail,600505,Consulting,AP,Sales,PO10823,Infosys,17148
2024-02-07,ABC India Pvt Ltd,UK,CC2001,PC_B2B,600202,Consulting,Banking,Sales,PO10824,Meta,40178
2024-06-01,ABC India Pvt Ltd,UK,CC3001,PC_B2B,600303,Marketing,O2C,IT,PO10825,HSBC,30862
2024-02-07,ABC UK Ltd,USA,CC1001,PC_B2B,600303,Software,Banking,HR,PO10826,KPMG,14818
2024-04-18,ABC UK Ltd,India,CC4001,PC_B2B,600101,Consulting,Payroll,Admin,PO10827,Google,42744
2024-01-27,ABC UK Ltd,UK,CC1002,PC_Digital,600505,Software,O2C,HR,PO10828,Deloitte,9110
2024-03-30,ABC UK Ltd,USA,CC3001,PC_B2B,600505,Consulting,O2C,Admin,PO10829,Accenture,36324
2024-02-03,ABC UK Ltd,India,CC1001,PC_Retail,600202,Consulting,Payroll,IT,PO10830,Accenture,36465
2024-01-13,ABC UK Ltd,USA,CC3001,PC_Retail,600202,Software,AP,Sales,PO10831,Accenture,26521
2024-03-27,ABC India Pvt Ltd,UK,CC1002,PC_Digital,600505,Consulting,Taxation,IT,PO10832,Meta,17800
2024-05-14,ABC Tech Inc,USA,CC1001,PC_Digital,600505,Software,Payroll,HR,PO10833,Oracle,38950
2024-06-13,ABC UK Ltd,UK,CC4001,PC_Digital,600606,Marketing,AP,Sales,PO10834,Oracle,38387
2024-01-27,ABC India Pvt Ltd,UK,CC2001,PC_Digital,600505,Consulting,Taxation,HR,PO10835,Infosys,23003
2024-06-26,ABC UK Ltd,India,CC1002,PC_Digital,600606,Consulting,AP,Admin,PO10836,Google,2383
2024-06-17,ABC Tech Inc,USA,CC4001,PC_Retail,600606,Travel,AP,Admin,PO10837,AWS,44610
2024-06-16,ABC India Pvt Ltd,UK,CC1001,PC_Retail,600202,Cloud,AP,Operations,PO10838,Salesforce,19093
2024-01-26,ABC UK Ltd,USA,CC1002,PC_Digital,600404,Rent,Banking,Sales,PO10839,Salesforce,4077
2024-05-23,ABC Tech Inc,UK,CC4001,PC_B2B,600505,Travel,AP,Sales,PO10840,Oracle,10246
2024-06-03,ABC Tech Inc,UK,CC1001,PC_B2B,600202,Consulting,O2C,HR,PO10841,AWS,43260
2024-03-06,ABC Tech Inc,USA,CC3001,PC_B2B,600404,Software,Taxation,IT,PO10842,Adobe,27864
2024-03-26,ABC UK Ltd,UK,CC1002,PC_Digital,600303,Cloud,Banking,IT,PO10843,Adobe,7355
2024-03-16,ABC Tech Inc,USA,CC1001,PC_Digital,600202,Cloud,Payroll,IT,PO10844,HSBC,10094
2024-01-04,ABC UK Ltd,India,CC3001,PC_Digital,600101,Consulting,AP,IT,PO10845,Salesforce,14321
2024-04-11,ABC UK Ltd,UK,CC1002,PC_Retail,600606,Travel,Taxation,HR,PO10846,Accenture,20312
2024-03-02,ABC India Pvt Ltd,UK,CC1001,PC_B2B,600202,Marketing,O2C,Admin,PO10847,Accenture,49746
2024-04-25,ABC Tech Inc,UK,CC1001,PC_B2B,600404,Rent,AP,IT,PO10848,SAP,5296
2024-04-21,ABC Tech Inc,USA,CC1002,PC_Retail,600303,Cloud,AP,IT,PO10849,Stripe,26147
2024-04-12,ABC India Pvt Ltd,India,CC1001,PC_Digital,600606,Consulting,AP,Admin,PO10850,AWS,41324
2024-01-21,ABC UK Ltd,UK,CC1002,PC_B2B,600101,Consulting,Payroll,Admin,PO10851,Deloitte,30798
2024-06-20,ABC UK Ltd,USA,CC1002,PC_Retail,600404,Marketing,Payroll,Sales,PO10852,Oracle,28496
2024-06-15,ABC India Pvt Ltd,India,CC2001,PC_Retail,600404,Software,Banking,Operations,PO10853,Microsoft,21611
2024-01-29,ABC Tech Inc,UK,CC2001,PC_B2B,600404,Software,Banking,IT,PO10854,Adobe,48291
2024-06-29,ABC UK Ltd,India,CC2001,PC_Retail,600606,Software,O2C,IT,PO10855,TCS,42401
2024-01-16,ABC UK Ltd,USA,CC1001,PC_Digital,600303,Marketing,O2C,HR,PO10856,SAP,2916
2024-04-02,ABC Tech Inc,USA,CC1002,PC_Digital,600303,Software,O2C,Operations,PO10857,TCS,32273
2024-05-03,ABC India Pvt Ltd,USA,CC4001,PC_Digital,600303,Software,Taxation,Sales,PO10858,Deloitte,27509
2024-04-10,ABC UK Ltd,UK,CC3001,PC_Retail,600404,Rent,AP,Sales,PO10859,Microsoft,17443
2024-02-12,ABC UK Ltd,UK,CC2001,PC_B2B,600303,Marketing,Banking,Admin,PO10860,Accenture,31798
2024-05-14,ABC UK Ltd,UK,CC4001,PC_Digital,600404,Software,Banking,Sales,PO10861,AWS,17150
2024-03-26,ABC India Pvt Ltd,India,CC2001,PC_Digital,600404,Travel,AP,Admin,PO10862,Stripe,29960
2024-04-15,ABC India Pvt Ltd,USA,CC1001,PC_Retail,600606,Marketing,O2C,Admin,PO10863,Adobe,33588
2024-02-10,ABC India Pvt Ltd,India,CC2001,PC_Digital,600404,Cloud,Banking,HR,PO10864,SAP,8603
2024-04-27,ABC UK Ltd,India,CC4001,PC_Digital,600606,Rent,Payroll,Sales,PO10865,Oracle,13389
2024-01-13,ABC India Pvt Ltd,UK,CC3001,PC_Retail,600101,Cloud,AP,Admin,PO10866,TCS,46104
2024-03-29,ABC India Pvt Ltd,USA,CC1001,PC_Digital,600101,Travel,Payroll,Admin,PO10867,TCS,22255
2024-03-19,ABC India Pvt Ltd,UK,CC3001,PC_Digital,600404,Travel,Payroll,IT,PO10868,Deloitte,43758
2024-05-24,ABC Tech Inc,USA,CC1002,PC_B2B,600505,Software,Payroll,IT,PO10869,Oracle,4711
2024-02-29,ABC UK Ltd,USA,CC3001,PC_Digital,600101,Rent,O2C,HR,PO10870,Oracle,23745
2024-04-10,ABC UK Ltd,USA,CC4001,PC_Digital,600606,Marketing,Payroll,Admin,PO10871,Infosys,17270
2024-02-14,ABC UK Ltd,UK,CC3001,PC_B2B,600505,Cloud,O2C,Operations,PO10872,Accenture,29664
2024-01-02,ABC UK Ltd,UK,CC2001,PC_B2B,600202,Consulting,O2C,Operations,PO10873,TCS,15222
2024-03-15,ABC UK Ltd,UK,CC1002,PC_Retail,600303,Software,Payroll,HR,PO10874,Adobe,32692
2024-06-22,ABC Tech Inc,India,CC2001,PC_B2B,600303,Cloud,O2C,HR,PO10875,Microsoft,2462
2024-03-01,ABC UK Ltd,UK,CC4001,PC_Retail,600404,Rent,Payroll,HR,PO10876,TCS,1391
2024-01-14,ABC UK Ltd,India,CC3001,PC_Digital,600202,Software,Payroll,IT,PO10877,Microsoft,10921
2024-02-20,ABC Tech Inc,UK,CC1001,PC_B2B,600404,Travel,Banking,Sales,PO10878,HSBC,34585
2024-01-09,ABC India Pvt Ltd,India,CC1001,PC_Digital,600505,Consulting,Payroll,IT,PO10879,Stripe,11827
2024-03-06,ABC India Pvt Ltd,USA,CC3001,PC_Digital,600303,Cloud,Taxation,Sales,PO10880,Adobe,1568
2024-06-27,ABC Tech Inc,USA,CC3001,PC_B2B,600404,Rent,O2C,IT,PO10881,SAP,3392
2024-01-15,ABC India Pvt Ltd,USA,CC1002,PC_Retail,600303,Travel,O2C,IT,PO10882,SAP,39945
2024-02-17,ABC UK Ltd,India,CC2001,PC_Retail,600606,Software,Payroll,IT,PO10883,KPMG,4807
2024-01-18,ABC Tech Inc,USA,CC3001,PC_Retail,600101,Consulting,Taxation,IT,PO10884,Deloitte,19502
2024-02-19,ABC UK Ltd,UK,CC3001,PC_Retail,600303,Rent,Payroll,Sales,PO10885,TCS,4834
2024-05-12,ABC Tech Inc,UK,CC4001,PC_Retail,600505,Consulting,Payroll,Sales,PO10886,HSBC,20896
2024-01-31,ABC UK Ltd,USA,CC2001,PC_Retail,600101,Rent,O2C,Operations,PO10887,Accenture,38368
2024-05-10,ABC Tech Inc,India,CC4001,PC_Retail,600606,Consulting,AP,Sales,PO10888,Accenture,26721
2024-04-30,ABC UK Ltd,UK,CC1002,PC_Retail,600606,Cloud,Banking,Admin,PO10889,SAP,3840
2024-04-14,ABC Tech Inc,USA,CC1002,PC_B2B,600505,Rent,O2C,Operations,PO10890,Accenture,13532
2024-02-15,ABC UK Ltd,India,CC4001,PC_Retail,600505,Consulting,O2C,Admin,PO10891,Adobe,32449
2024-02-23,ABC Tech Inc,UK,CC2001,PC_Digital,600303,Travel,Taxation,Admin,PO10892,Google,43705
2024-02-08,ABC Tech Inc,USA,CC2001,PC_Retail,600303,Travel,Taxation,HR,PO10893,Stripe,26049
2024-01-05,ABC Tech Inc,UK,CC3001,PC_B2B,600505,Travel,O2C,IT,PO10894,SAP,1381
2024-01-29,ABC Tech Inc,USA,CC1002,PC_Retail,600303,Travel,Banking,HR,PO10895,Stripe,41775
2024-05-03,ABC UK Ltd,UK,CC1001,PC_Retail,600505,Consulting,O2C,IT,PO10896,KPMG,31254
2024-04-23,ABC India Pvt Ltd,UK,CC1002,PC_B2B,600303,Marketing,Payroll,HR,PO10897,HSBC,17321
2024-02-24,ABC Tech Inc,USA,CC1001,PC_Digital,600303,Consulting,Taxation,Admin,PO10898,Oracle,4088
2024-03-17,ABC India Pvt Ltd,USA,CC1002,PC_B2B,600202,Software,Banking,Admin,PO10899,Salesforce,37176
2024-06-25,ABC India Pvt Ltd,USA,CC3001,PC_Retail,600303,Marketing,AP,IT,PO10900,Accenture,3569
2024-03-09,ABC Tech Inc,India,CC2001,PC_Digital,600404,Travel,Payroll,HR,PO10901,Oracle,12053
2024-03-18,ABC Tech Inc,India,CC4001,PC_B2B,600404,Consulting,AP,Operations,PO10902,Oracle,17773
2024-05-20,ABC Tech Inc,India,CC3001,PC_Retail,600303,Cloud,Payroll,IT,PO10903,Adobe,12314
2024-03-24,ABC UK Ltd,USA,CC2001,PC_B2B,600303,Consulting,Payroll,IT,PO10904,TCS,6124
2024-05-17,ABC UK Ltd,India,CC3001,PC_Retail,600202,Travel,O2C,IT,PO10905,AWS,9308
2024-01-25,ABC UK Ltd,UK,CC4001,PC_Retail,600202,Software,Banking,Sales,PO10906,Salesforce,49489
2024-06-24,ABC UK Ltd,India,CC1001,PC_B2B,600505,Rent,O2C,HR,PO10907,Infosys,24424
2024-06-21,ABC India Pvt Ltd,USA,CC3001,PC_B2B,600303,Cloud,Banking,IT,PO10908,Stripe,41423
2024-06-11,ABC UK Ltd,India,CC4001,PC_Digital,600606,Marketing,Banking,IT,PO10909,Google,23893
2024-06-14,ABC UK Ltd,UK,CC3001,PC_Digital,600404,Travel,Banking,Operations,PO10910,Google,12152
2024-05-29,ABC UK Ltd,UK,CC1002,PC_Retail,600101,Cloud,AP,HR,PO10911,HSBC,44907
2024-05-19,ABC India Pvt Ltd,UK,CC1002,PC_Retail,600101,Rent,O2C,IT,PO10912,Google,1503
2024-03-29,ABC UK Ltd,India,CC3001,PC_B2B,600505,Software,Taxation,Admin,PO10913,Infosys,24306
2024-04-21,ABC India Pvt Ltd,USA,CC1002,PC_Retail,600202,Software,Taxation,Sales,PO10914,Stripe,24766
2024-01-18,ABC UK Ltd,India,CC1002,PC_Digital,600606,Cloud,Payroll,Admin,PO10915,HSBC,45271
2024-03-10,ABC India Pvt Ltd,India,CC1002,PC_Digital,600404,Software,O2C,Admin,PO10916,Meta,31565
2024-05-30,ABC India Pvt Ltd,UK,CC1001,PC_B2B,600101,Rent,Payroll,Admin,PO10917,Accenture,28838
2024-01-01,ABC Tech Inc,India,CC4001,PC_Digital,600303,Travel,AP,HR,PO10918,Deloitte,20914
2024-04-14,ABC Tech Inc,India,CC3001,PC_B2B,600303,Rent,Banking,HR,PO10919,HSBC,11948
2024-05-19,ABC India Pvt Ltd,USA,CC3001,PC_Retail,600606,Consulting,Banking,Sales,PO10920,AWS,44311
2024-05-30,ABC UK Ltd,UK,CC2001,PC_B2B,600303,Software,Taxation,Admin,PO10921,Google,8388
2024-06-07,ABC India Pvt Ltd,USA,CC3001,PC_Digital,600202,Cloud,Taxation,IT,PO10922,AWS,14990
2024-05-05,ABC Tech Inc,India,CC3001,PC_B2B,600505,Cloud,Banking,HR,PO10923,Adobe,11671
2024-04-01,ABC Tech Inc,UK,CC3001,PC_Retail,600606,Software,Payroll,Operations,PO10924,AWS,27724
2024-02-15,ABC Tech Inc,UK,CC1001,PC_Digital,600202,Marketing,Taxation,IT,PO10925,Microsoft,44631
2024-01-19,ABC UK Ltd,USA,CC3001,PC_B2B,600303,Travel,O2C,Sales,PO10926,Infosys,33996
2024-06-09,ABC UK Ltd,UK,CC1001,PC_Digital,600303,Marketing,Payroll,Operations,PO10927,SAP,35599
2024-02-05,ABC Tech Inc,UK,CC3001,PC_Digital,600404,Marketing,Payroll,IT,PO10928,Infosys,17012
2024-03-01,ABC UK Ltd,India,CC4001,PC_Digital,600202,Marketing,O2C,Operations,PO10929,Accenture,44846
2024-03-08,ABC UK Ltd,USA,CC1002,PC_Digital,600505,Marketing,O2C,Operations,PO10930,Accenture,21339
2024-04-01,ABC Tech Inc,USA,CC4001,PC_Digital,600606,Rent,Banking,Operations,PO10931,Infosys,48442
2024-02-02,ABC UK Ltd,UK,CC3001,PC_Digital,600606,Travel,AP,IT,PO10932,TCS,42955
2024-03-26,ABC India Pvt Ltd,UK,CC3001,PC_Digital,600606,Software,Payroll,Sales,PO10933,Salesforce,19295
2024-06-06,ABC UK Ltd,India,CC1002,PC_Digital,600404,Travel,Payroll,Operations,PO10934,Stripe,12328
2024-03-30,ABC Tech Inc,USA,CC1001,PC_B2B,600606,Consulting,O2C,Admin,PO10935,Oracle,16606
2024-05-15,ABC UK Ltd,UK,CC1002,PC_B2B,600606,Travel,Taxation,Sales,PO10936,HSBC,28205
2024-06-12,ABC UK Ltd,India,CC1001,PC_Retail,600303,Consulting,Banking,Admin,PO10937,HSBC,1505
2024-03-01,ABC India Pvt Ltd,USA,CC1001,PC_Digital,600606,Travel,Banking,IT,PO10938,KPMG,32226
2024-06-16,ABC India Pvt Ltd,India,CC2001,PC_Retail,600303,Consulting,Banking,IT,PO10939,Salesforce,40391
2024-02-10,ABC India Pvt Ltd,UK,CC3001,PC_B2B,600202,Cloud,O2C,HR,PO10940,Stripe,28862
2024-02-24,ABC Tech Inc,USA,CC4001,PC_Retail,600303,Consulting,Taxation,Operations,PO10941,KPMG,47431
2024-03-04,ABC Tech Inc,India,CC1002,PC_B2B,600404,Software,Banking,HR,PO10942,Salesforce,11329
2024-03-20,ABC India Pvt Ltd,USA,CC3001,PC_Retail,600404,Marketing,Taxation,HR,PO10943,Deloitte,9084
2024-01-15,ABC Tech Inc,USA,CC1002,PC_Retail,600303,Cloud,Banking,Sales,PO10944,Salesforce,11054
2024-03-14,ABC Tech Inc,USA,CC4001,PC_Retail,600505,Marketing,AP,Sales,PO10945,Accenture,33095
2024-06-22,ABC UK Ltd,India,CC1002,PC_B2B,600505,Rent,AP,IT,PO10946,SAP,13329
2024-02-03,ABC India Pvt Ltd,India,CC1002,PC_Retail,600303,Cloud,O2C,Operations,PO10947,Meta,35364
2024-01-09,ABC UK Ltd,India,CC3001,PC_Digital,600202,Rent,Banking,Admin,PO10948,KPMG,19981
2024-03-14,ABC India Pvt Ltd,UK,CC1001,PC_Digital,600303,Consulting,Payroll,Sales,PO10949,Meta,29134
2024-06-07,ABC Tech Inc,India,CC2001,PC_B2B,600606,Consulting,Taxation,IT,PO10950,Meta,12408
2024-03-18,ABC India Pvt Ltd,India,CC1002,PC_B2B,600303,Cloud,Payroll,HR,PO10951,Meta,9280
2024-02-27,ABC India Pvt Ltd,UK,CC1001,PC_Digital,600202,Consulting,Payroll,IT,PO10952,Infosys,17151
2024-01-14,ABC India Pvt Ltd,India,CC1002,PC_Retail,600101,Travel,AP,HR,PO10953,Microsoft,8997
2024-03-17,ABC India Pvt Ltd,USA,CC2001,PC_Retail,600202,Travel,Taxation,HR,PO10954,Accenture,17929
2024-03-04,ABC Tech Inc,USA,CC3001,PC_Digital,600404,Cloud,Taxation,Operations,PO10955,Stripe,42411
2024-05-29,ABC UK Ltd,UK,CC3001,PC_B2B,600202,Consulting,AP,HR,PO10956,Deloitte,19065
2024-01-07,ABC Tech Inc,USA,CC1002,PC_B2B,600303,Rent,Taxation,Operations,PO10957,Google,10451
2024-05-13,ABC India Pvt Ltd,India,CC2001,PC_B2B,600101,Rent,Banking,Sales,PO10958,Infosys,7322
2024-06-03,ABC Tech Inc,USA,CC1001,PC_B2B,600505,Marketing,Payroll,HR,PO10959,HSBC,48784
2024-04-24,ABC UK Ltd,UK,CC3001,PC_Digital,600505,Software,Banking,Admin,PO10960,Accenture,27670
2024-04-04,ABC UK Ltd,UK,CC1001,PC_Digital,600202,Cloud,AP,Operations,PO10961,Adobe,29342
2024-05-17,ABC India Pvt Ltd,USA,CC3001,PC_Retail,600101,Marketing,Banking,HR,PO10962,Accenture,13878
2024-03-19,ABC UK Ltd,India,CC1002,PC_Retail,600202,Marketing,Taxation,HR,PO10963,Infosys,12625
2024-04-16,ABC UK Ltd,India,CC3001,PC_Digital,600505,Software,Payroll,IT,PO10964,Microsoft,8899
2024-04-14,ABC Tech Inc,India,CC2001,PC_Digital,600202,Software,Taxation,Sales,PO10965,Stripe,49838
2024-02-23,ABC India Pvt Ltd,USA,CC3001,PC_Retail,600606,Rent,Taxation,Admin,PO10966,Oracle,26271
2024-05-01,ABC Tech Inc,USA,CC4001,PC_B2B,600303,Software,O2C,HR,PO10967,HSBC,44488
2024-03-22,ABC India Pvt Ltd,USA,CC1001,PC_Digital,600606,Rent,Banking,IT,PO10968,Accenture,8189
2024-01-04,ABC India Pvt Ltd,USA,CC4001,PC_Digital,600303,Rent,Payroll,Admin,PO10969,Infosys,43464
2024-05-16,ABC Tech Inc,UK,CC1002,PC_Digital,600202,Consulting,O2C,Operations,PO10970,Microsoft,9077
2024-02-29,ABC UK Ltd,UK,CC1002,PC_B2B,600101,Consulting,Taxation,Admin,PO10971,Salesforce,35944
2024-05-25,ABC Tech Inc,UK,CC4001,PC_Digital,600404,Software,AP,Operations,PO10972,Google,10655
2024-02-17,ABC UK Ltd,UK,CC2001,PC_Digital,600202,Marketing,Banking,Admin,PO10973,Google,12497
2024-06-22,ABC India Pvt Ltd,UK,CC3001,PC_Digital,600606,Cloud,Taxation,Operations,PO10974,SAP,15660
2024-03-14,ABC Tech Inc,USA,CC2001,PC_B2B,600303,Marketing,Banking,HR,PO10975,Microsoft,4964
2024-03-01,ABC India Pvt Ltd,India,CC3001,PC_Retail,600303,Cloud,O2C,Admin,PO10976,Google,23407
2024-02-07,ABC Tech Inc,USA,CC3001,PC_Retail,600505,Consulting,Payroll,Admin,PO10977,SAP,39596
2024-02-25,ABC UK Ltd,USA,CC1002,PC_Digital,600404,Consulting,AP,HR,PO10978,Microsoft,45086
2024-01-28,ABC India Pvt Ltd,UK,CC4001,PC_B2B,600303,Marketing,AP,HR,PO10979,Deloitte,3844
2024-02-03,ABC India Pvt Ltd,USA,CC4001,PC_Retail,600303,Travel,O2C,Admin,PO10980,Adobe,7570
2024-04-11,ABC India Pvt Ltd,UK,CC3001,PC_B2B,600606,Software,Payroll,Operations,PO10981,KPMG,17176
2024-04-17,ABC Tech Inc,India,CC3001,PC_B2B,600606,Software,Banking,IT,PO10982,Microsoft,31718
2024-03-21,ABC Tech Inc,USA,CC2001,PC_B2B,600505,Travel,Payroll,Sales,PO10983,Oracle,33636
2024-05-28,ABC Tech Inc,USA,CC3001,PC_B2B,600404,Rent,Taxation,Operations,PO10984,Stripe,36216
2024-05-12,ABC Tech Inc,India,CC1002,PC_Retail,600505,Rent,Payroll,Operations,PO10985,AWS,41252
2024-02-08,ABC India Pvt Ltd,India,CC1002,PC_Digital,600303,Marketing,Taxation,Sales,PO10986,Accenture,9033
2024-03-29,ABC India Pvt Ltd,India,CC2001,PC_Retail,600202,Rent,Payroll,Operations,PO10987,Stripe,11406
2024-03-04,ABC India Pvt Ltd,India,CC2001,PC_Digital,600101,Travel,AP,Operations,PO10988,KPMG,25776
2024-01-27,ABC Tech Inc,UK,CC1001,PC_B2B,600505,Travel,Banking,Operations,PO10989,Infosys,17708
2024-02-16,ABC India Pvt Ltd,India,CC1002,PC_Retail,600505,Cloud,AP,Sales,PO10990,Stripe,17799
2024-06-25,ABC UK Ltd,UK,CC1001,PC_Digital,600101,Cloud,O2C,Operations,PO10991,Infosys,41046
2024-03-23,ABC Tech Inc,India,CC1002,PC_Digital,600202,Rent,Payroll,Admin,PO10992,TCS,45197
2024-06-16,ABC UK Ltd,UK,CC4001,PC_Digital,600202,Software,AP,IT,PO10993,Deloitte,36052
2024-04-25,ABC UK Ltd,UK,CC2001,PC_Retail,600101,Software,AP,IT,PO10994,HSBC,36794
2024-02-27,ABC Tech Inc,USA,CC2001,PC_Retail,600606,Travel,Banking,HR,PO10995,Adobe,29088
2024-05-23,ABC UK Ltd,India,CC4001,PC_Retail,600101,Consulting,Payroll,Admin,PO10996,Infosys,9238
2024-06-14,ABC UK Ltd,USA,CC4001,PC_B2B,600606,Consulting,AP,Sales,PO10997,Oracle,34430
2024-06-11,ABC Tech Inc,UK,CC2001,PC_Digital,600303,Marketing,AP,HR,PO10998,Salesforce,2342
2024-02-05,ABC Tech Inc,India,CC1002,PC_Digital,600303,Consulting,Banking,IT,PO10999,SAP,20452
